id,firstname,lastname,age,email,email2,city_desired,travel_time,distance_km
1,Elmira,Cristi,51,Elmira.Cristi@email.com,Elmira.Cristi@gmail.com,Santos,4,886.72
2,Joleen,Rudolph,66,Joleen.Rudolph@email.com,Joleen.Rudolph@gmail.com,Rio de Janeiro,3,682.78
3,Chickie,Bow,39,Chickie.Bow@email.com,Chickie.Bow@gmail.com,Guaratinguetá,4,95.51
4,Zondra,Arley,65,Zondra.Arley@email.com,Zondra.Arley@gmail.com,Angra dos Reis,1,449.07
5,Annora,Nickola,20,Annora.Nickola@email.com,Annora.Nickola@gmail.com,Guaratinguetá,5,255.41
6,Reeba,Corrine,46,Reeba.Corrine@email.com,Reeba.Corrine@gmail.com,Vitória,1,440.71
7,Lisette,Penelopa,31,Lisette.Penelopa@email.com,Lisette.Penelopa@gmail.com,Penedo,2,933.65
8,Kirbee,Bergman,37,Kirbee.Bergman@email.com,Kirbee.Bergman@gmail.com,Santos,3,562.17
9,Lisette,Curren,53,Lisette.Curren@email.com,Lisette.Curren@gmail.com,Guaratinguetá,3,947.82
10,Heddie,Hermes,65,Heddie.Hermes@email.com,Heddie.Hermes@gmail.com,"Trindade ",4,614.4
11,Andeee,Hull,70,Andeee.Hull@email.com,Andeee.Hull@gmail.com,São Paulo,4,581.37
12,Oona,Bronk,34,Oona.Bronk@email.com,Oona.Bronk@gmail.com,Angra dos Reis,5,903.18
13,Fidelia,Hathaway,59,Fidelia.Hathaway@email.com,Fidelia.Hathaway@gmail.com,Vitória,2,206.82
14,Berta,Suzetta,55,Berta.Suzetta@email.com,Berta.Suzetta@gmail.com,Angra dos Reis,1,507.52
15,Britte,Allys,58,Britte.Allys@email.com,Britte.Allys@gmail.com,Penedo,4,794.83
16,Fredericka,Cottle,22,Fredericka.Cottle@email.com,Fredericka.Cottle@gmail.com,Angra dos Reis,4,831.85
17,Aurelie,Rurik,50,Aurelie.Rurik@email.com,Aurelie.Rurik@gmail.com,Rio de Janeiro,4,620.4
18,Kylynn,Frendel,21,Kylynn.Frendel@email.com,Kylynn.Frendel@gmail.com,Santos,1,190.82
19,Flory,Lareena,21,Flory.Lareena@email.com,Flory.Lareena@gmail.com,São Paulo,1,701.82
20,Mildrid,Skurnik,57,Mildrid.Skurnik@email.com,Mildrid.Skurnik@gmail.com,"Trindade ",1,100.53
21,Corly,Klemperer,37,Corly.Klemperer@email.com,Corly.Klemperer@gmail.com,Penedo,2,825.37
22,Arlena,Cullin,56,Arlena.Cullin@email.com,Arlena.Cullin@gmail.com,Angra dos Reis,3,329.08
23,Elyssa,Mallon,28,Elyssa.Mallon@email.com,Elyssa.Mallon@gmail.com,Penedo,1,46.09
24,Ginnie,Shama,67,Ginnie.Shama@email.com,Ginnie.Shama@gmail.com,Penedo,1,167.24
25,Cristine,Tufts,48,Cristine.Tufts@email.com,Cristine.Tufts@gmail.com,Rio de Janeiro,2,544.29
26,Grier,Ries,56,Grier.Ries@email.com,Grier.Ries@gmail.com,Vitória,5,591.41
27,Ann-Marie,Monaco,22,Ann-Marie.Monaco@email.com,Ann-Marie.Monaco@gmail.com,Guaratinguetá,3,19.72
28,Jorry,Middleton,38,Jorry.Middleton@email.com,Jorry.Middleton@gmail.com,Vitória,3,775.04
29,Cristabel,Hoban,57,Cristabel.Hoban@email.com,Cristabel.Hoban@gmail.com,"Trindade ",5,272.55
30,Eugine,Mott,50,Eugine.Mott@email.com,Eugine.Mott@gmail.com,Santos,4,808.9
31,Lonnie,Gamaliel,70,Lonnie.Gamaliel@email.com,Lonnie.Gamaliel@gmail.com,Rio de Janeiro,3,554.02
32,Taffy,Sheedy,21,Taffy.Sheedy@email.com,Taffy.Sheedy@gmail.com,Vitória,2,85.33
33,Candy,Berl,51,Candy.Berl@email.com,Candy.Berl@gmail.com,Angra dos Reis,2,362.83
34,Vevay,Nahum,61,Vevay.Nahum@email.com,Vevay.Nahum@gmail.com,Rio de Janeiro,1,522.96
35,Aurore,Arne,23,Aurore.Arne@email.com,Aurore.Arne@gmail.com,Penedo,1,987.25
36,Nessie,Faust,60,Nessie.Faust@email.com,Nessie.Faust@gmail.com,São Paulo,2,302.91
37,Kaia,Leopold,27,Kaia.Leopold@email.com,Kaia.Leopold@gmail.com,"Trindade ",3,385.04
38,Kathy,Melony,57,Kathy.Melony@email.com,Kathy.Melony@gmail.com,Santos,3,247.11
39,Benita,Docilla,32,Benita.Docilla@email.com,Benita.Docilla@gmail.com,Angra dos Reis,5,591.15
40,Jaime,Lemuela,69,Jaime.Lemuela@email.com,Jaime.Lemuela@gmail.com,Rio de Janeiro,1,828.15
41,Aurore,Idelia,52,Aurore.Idelia@email.com,Aurore.Idelia@gmail.com,Guaratinguetá,5,642.62
42,Louella,Durante,31,Louella.Durante@email.com,Louella.Durante@gmail.com,"Trindade ",4,472.65
43,Alexine,Myrilla,67,Alexine.Myrilla@email.com,Alexine.Myrilla@gmail.com,Penedo,4,511.77
44,Emilia,Felecia,31,Emilia.Felecia@email.com,Emilia.Felecia@gmail.com,"Trindade ",2,869.94
45,Jany,Maribeth,67,Jany.Maribeth@email.com,Jany.Maribeth@gmail.com,Angra dos Reis,3,966.39
46,Annaliese,Vittoria,66,Annaliese.Vittoria@email.com,Annaliese.Vittoria@gmail.com,Rio de Janeiro,5,615.96
47,Belinda,Rhu,35,Belinda.Rhu@email.com,Belinda.Rhu@gmail.com,Guaratinguetá,2,57.51
48,Emilia,Glenden,29,Emilia.Glenden@email.com,Emilia.Glenden@gmail.com,Vitória,5,231.34
49,Shirlee,Seessel,69,Shirlee.Seessel@email.com,Shirlee.Seessel@gmail.com,Rio de Janeiro,1,51.03
50,Diena,Sancho,68,Diena.Sancho@email.com,Diena.Sancho@gmail.com,Santos,2,216.03
51,Deedee,Rosette,60,Deedee.Rosette@email.com,Deedee.Rosette@gmail.com,São Paulo,4,574.88
52,Danika,Gavrila,20,Danika.Gavrila@email.com,Danika.Gavrila@gmail.com,São Paulo,5,736.98
53,Pearline,Skurnik,24,Pearline.Skurnik@email.com,Pearline.Skurnik@gmail.com,Penedo,1,544.15
54,Celisse,Madox,31,Celisse.Madox@email.com,Celisse.Madox@gmail.com,"Trindade ",1,499.98
55,Kellen,Yam,27,Kellen.Yam@email.com,Kellen.Yam@gmail.com,Guaratinguetá,2,686.11
56,Kamilah,Bonilla,23,Kamilah.Bonilla@email.com,Kamilah.Bonilla@gmail.com,Vitória,2,814.75
57,Jany,Center,63,Jany.Center@email.com,Jany.Center@gmail.com,Angra dos Reis,4,277.89
58,Annaliese,Gordon,60,Annaliese.Gordon@email.com,Annaliese.Gordon@gmail.com,Penedo,2,342.42
59,Leia,Ferrell,35,Leia.Ferrell@email.com,Leia.Ferrell@gmail.com,Guaratinguetá,1,672.9
60,Marinna,Jeanne,32,Marinna.Jeanne@email.com,Marinna.Jeanne@gmail.com,Angra dos Reis,1,803.07
61,Latisha,Sundin,66,Latisha.Sundin@email.com,Latisha.Sundin@gmail.com,Rio de Janeiro,3,325.74
62,Gisela,Pelagias,21,Gisela.Pelagias@email.com,Gisela.Pelagias@gmail.com,São Paulo,5,518.77
63,Louella,Pattin,52,Louella.Pattin@email.com,Louella.Pattin@gmail.com,Penedo,4,682.3
64,Regina,Dosia,67,Regina.Dosia@email.com,Regina.Dosia@gmail.com,Penedo,1,395.55
65,Gusty,Bashemeth,41,Gusty.Bashemeth@email.com,Gusty.Bashemeth@gmail.com,Guaratinguetá,1,542.51
66,Bertine,Skell,70,Bertine.Skell@email.com,Bertine.Skell@gmail.com,"Trindade ",3,283.02
67,Marsiella,Byrne,27,Marsiella.Byrne@email.com,Marsiella.Byrne@gmail.com,Rio de Janeiro,3,412.88
68,Sophia,Bettine,44,Sophia.Bettine@email.com,Sophia.Bettine@gmail.com,Santos,4,267.07
69,Roz,Klemperer,41,Roz.Klemperer@email.com,Roz.Klemperer@gmail.com,Vitória,3,895.12
70,Ulrike,Shields,29,Ulrike.Shields@email.com,Ulrike.Shields@gmail.com,Santos,1,398.62
71,Millie,Tippets,21,Millie.Tippets@email.com,Millie.Tippets@gmail.com,São Paulo,3,199.74
72,Jordan,Haldas,39,Jordan.Haldas@email.com,Jordan.Haldas@gmail.com,Guaratinguetá,4,950.78
73,Melisent,Tayib,65,Melisent.Tayib@email.com,Melisent.Tayib@gmail.com,Angra dos Reis,5,903.73
74,Alejandra,Shirberg,68,Alejandra.Shirberg@email.com,Alejandra.Shirberg@gmail.com,Angra dos Reis,3,821.35
75,Rosanne,Bivins,35,Rosanne.Bivins@email.com,Rosanne.Bivins@gmail.com,Penedo,2,339.06
76,Giustina,Hieronymus,59,Giustina.Hieronymus@email.com,Giustina.Hieronymus@gmail.com,Vitória,5,21.65
77,Marika,Marijo,56,Marika.Marijo@email.com,Marika.Marijo@gmail.com,São Paulo,1,86.98
78,Sophia,Curren,31,Sophia.Curren@email.com,Sophia.Curren@gmail.com,Angra dos Reis,4,629.28
79,Ermengarde,Lynn,49,Ermengarde.Lynn@email.com,Ermengarde.Lynn@gmail.com,Rio de Janeiro,5,8.03
80,Albertina,Riva,28,Albertina.Riva@email.com,Albertina.Riva@gmail.com,Penedo,2,132.59
81,Trudie,Wenda,43,Trudie.Wenda@email.com,Trudie.Wenda@gmail.com,Rio de Janeiro,4,484.7
82,Peri,Jammal,24,Peri.Jammal@email.com,Peri.Jammal@gmail.com,Vitória,2,52.07
83,Briney,Edmund,57,Briney.Edmund@email.com,Briney.Edmund@gmail.com,Vitória,5,724.92
84,Morganica,Seessel,26,Morganica.Seessel@email.com,Morganica.Seessel@gmail.com,Penedo,3,728.94
85,Lenna,Gillan,30,Lenna.Gillan@email.com,Lenna.Gillan@gmail.com,Guaratinguetá,1,684.27
86,Lelah,Podvin,55,Lelah.Podvin@email.com,Lelah.Podvin@gmail.com,Penedo,4,547.78
87,Norine,LaRue,26,Norine.LaRue@email.com,Norine.LaRue@gmail.com,"Trindade ",3,681.92
88,Cathyleen,Hebner,62,Cathyleen.Hebner@email.com,Cathyleen.Hebner@gmail.com,Penedo,2,37.8
89,Kalina,Norvol,26,Kalina.Norvol@email.com,Kalina.Norvol@gmail.com,Santos,1,286.7
90,Mady,Rhu,44,Mady.Rhu@email.com,Mady.Rhu@gmail.com,Guaratinguetá,2,809.81
91,Di,LaRue,61,Di.LaRue@email.com,Di.LaRue@gmail.com,Santos,1,978.95
92,Anallese,Kathie,58,Anallese.Kathie@email.com,Anallese.Kathie@gmail.com,Angra dos Reis,5,652.23
93,Lynde,Cherianne,55,Lynde.Cherianne@email.com,Lynde.Cherianne@gmail.com,Penedo,4,734.09
94,Dorothy,Honoria,54,Dorothy.Honoria@email.com,Dorothy.Honoria@gmail.com,Penedo,1,686.8
95,Gloria,Voletta,30,Gloria.Voletta@email.com,Gloria.Voletta@gmail.com,Guaratinguetá,4,203.99
96,Rivalee,Brodench,30,Rivalee.Brodench@email.com,Rivalee.Brodench@gmail.com,Santos,1,461.31
97,Roz,Grobe,36,Roz.Grobe@email.com,Roz.Grobe@gmail.com,Angra dos Reis,1,60.1
98,Vivia,Diann,58,Vivia.Diann@email.com,Vivia.Diann@gmail.com,Santos,4,489.58
99,Henriette,Eliathas,33,Henriette.Eliathas@email.com,Henriette.Eliathas@gmail.com,Vitória,5,450.7
100,Viviene,Constancy,56,Viviene.Constancy@email.com,Viviene.Constancy@gmail.com,Angra dos Reis,3,293.66
101,Frank,Brian,38,Frank.Brian@email.com,Frank.Brian@gmail.com,Guaratinguetá,1,828.4
102,Amii,Cottle,27,Amii.Cottle@email.com,Amii.Cottle@gmail.com,Penedo,5,971.16
103,Antonietta,Earlie,58,Antonietta.Earlie@email.com,Antonietta.Earlie@gmail.com,Angra dos Reis,2,732.77
104,Mamie,Orlene,42,Mamie.Orlene@email.com,Mamie.Orlene@gmail.com,Angra dos Reis,2,250.23
105,Sam,Brady,57,Sam.Brady@email.com,Sam.Brady@gmail.com,Rio de Janeiro,1,946.39
106,Latisha,Dearborn,36,Latisha.Dearborn@email.com,Latisha.Dearborn@gmail.com,Rio de Janeiro,5,180.01
107,Janeczka,Kermit,32,Janeczka.Kermit@email.com,Janeczka.Kermit@gmail.com,Santos,2,899.98
108,Cristabel,O'Rourke,51,Cristabel.O'Rourke@email.com,Cristabel.O'Rourke@gmail.com,Guaratinguetá,4,25.45
109,Cathie,MacIntosh,38,Cathie.MacIntosh@email.com,Cathie.MacIntosh@gmail.com,Angra dos Reis,2,837.03
110,Bee,Bronk,55,Bee.Bronk@email.com,Bee.Bronk@gmail.com,Santos,4,721.36
111,Fred,Lesley,68,Fred.Lesley@email.com,Fred.Lesley@gmail.com,"Trindade ",1,526.97
112,Gerianna,Raul,31,Gerianna.Raul@email.com,Gerianna.Raul@gmail.com,Santos,5,471.77
113,Danny,Honoria,35,Danny.Honoria@email.com,Danny.Honoria@gmail.com,Guaratinguetá,1,266.77
114,Tarra,Guildroy,62,Tarra.Guildroy@email.com,Tarra.Guildroy@gmail.com,São Paulo,5,325.43
115,Tobe,Duwalt,42,Tobe.Duwalt@email.com,Tobe.Duwalt@gmail.com,São Paulo,2,561.2
116,Anallese,Brodench,52,Anallese.Brodench@email.com,Anallese.Brodench@gmail.com,Vitória,1,129.44
117,Jorry,Berard,70,Jorry.Berard@email.com,Jorry.Berard@gmail.com,Rio de Janeiro,3,303.89
118,Shel,Miru,45,Shel.Miru@email.com,Shel.Miru@gmail.com,Rio de Janeiro,5,59.41
119,Jean,Genna,41,Jean.Genna@email.com,Jean.Genna@gmail.com,São Paulo,2,24.72
120,Cristine,Toor,26,Cristine.Toor@email.com,Cristine.Toor@gmail.com,Angra dos Reis,5,774.93
121,Judy,Tillford,33,Judy.Tillford@email.com,Judy.Tillford@gmail.com,Rio de Janeiro,4,534.17
122,Bee,Hoban,49,Bee.Hoban@email.com,Bee.Hoban@gmail.com,Guaratinguetá,5,237.26
123,Clarice,Sabella,24,Clarice.Sabella@email.com,Clarice.Sabella@gmail.com,Guaratinguetá,1,276.82
124,Violet,Firmin,57,Violet.Firmin@email.com,Violet.Firmin@gmail.com,São Paulo,2,611.36
125,Lily,Garbe,65,Lily.Garbe@email.com,Lily.Garbe@gmail.com,Guaratinguetá,2,344.93
126,Lesly,Janene,69,Lesly.Janene@email.com,Lesly.Janene@gmail.com,Guaratinguetá,3,8.96
127,Lacie,Maxi,50,Lacie.Maxi@email.com,Lacie.Maxi@gmail.com,São Paulo,4,238.98
128,Darci,Forrer,46,Darci.Forrer@email.com,Darci.Forrer@gmail.com,Vitória,5,265.94
129,Rhoda,Thunell,48,Rhoda.Thunell@email.com,Rhoda.Thunell@gmail.com,Penedo,5,949.79
130,Katharina,Ellord,30,Katharina.Ellord@email.com,Katharina.Ellord@gmail.com,Rio de Janeiro,3,615.66
131,Priscilla,August,21,Priscilla.August@email.com,Priscilla.August@gmail.com,Penedo,3,749.76
132,Tiffie,Wyn,44,Tiffie.Wyn@email.com,Tiffie.Wyn@gmail.com,Vitória,3,213.91
133,Ivett,Bethany,23,Ivett.Bethany@email.com,Ivett.Bethany@gmail.com,Rio de Janeiro,2,416.91
134,Camile,Plato,34,Camile.Plato@email.com,Camile.Plato@gmail.com,Rio de Janeiro,1,182.71
135,Melanie,Cressida,56,Melanie.Cressida@email.com,Melanie.Cressida@gmail.com,Santos,5,590.15
136,Janenna,Rozanna,28,Janenna.Rozanna@email.com,Janenna.Rozanna@gmail.com,Santos,5,405.45
137,Paule,Gamaliel,36,Paule.Gamaliel@email.com,Paule.Gamaliel@gmail.com,"Trindade ",1,4.69
138,Debee,Reidar,58,Debee.Reidar@email.com,Debee.Reidar@gmail.com,Angra dos Reis,1,192.53
139,Courtnay,Neils,54,Courtnay.Neils@email.com,Courtnay.Neils@gmail.com,Santos,5,805.29
140,Paola,Docilla,69,Paola.Docilla@email.com,Paola.Docilla@gmail.com,Angra dos Reis,3,335.33
141,Cecile,Jess,36,Cecile.Jess@email.com,Cecile.Jess@gmail.com,Vitória,1,457.73
142,Amii,Barbey,46,Amii.Barbey@email.com,Amii.Barbey@gmail.com,Penedo,3,828.94
143,Carol-Jean,Zaslow,33,Carol-Jean.Zaslow@email.com,Carol-Jean.Zaslow@gmail.com,São Paulo,5,261.89
144,Hildegaard,Salchunas,22,Hildegaard.Salchunas@email.com,Hildegaard.Salchunas@gmail.com,Guaratinguetá,4,227.12
145,Vonny,Natica,55,Vonny.Natica@email.com,Vonny.Natica@gmail.com,Rio de Janeiro,1,407.02
146,Marsiella,Phi,50,Marsiella.Phi@email.com,Marsiella.Phi@gmail.com,Rio de Janeiro,3,465.79
147,Lusa,Standing,22,Lusa.Standing@email.com,Lusa.Standing@gmail.com,São Paulo,2,963.14
148,Chandra,Wadell,41,Chandra.Wadell@email.com,Chandra.Wadell@gmail.com,Rio de Janeiro,2,63.39
149,Zsa Zsa,Stacy,68,Zsa Zsa.Stacy@email.com,Zsa Zsa.Stacy@gmail.com,Guaratinguetá,5,978.25
150,Veda,Kauppi,57,Veda.Kauppi@email.com,Veda.Kauppi@gmail.com,Penedo,1,233.11
151,Thalia,Buckler,40,Thalia.Buckler@email.com,Thalia.Buckler@gmail.com,Santos,4,42.07
152,Dolli,Orelee,68,Dolli.Orelee@email.com,Dolli.Orelee@gmail.com,Vitória,5,884.96
153,Marnia,Longfellow,29,Marnia.Longfellow@email.com,Marnia.Longfellow@gmail.com,São Paulo,3,658.37
154,Annice,Jarib,55,Annice.Jarib@email.com,Annice.Jarib@gmail.com,Santos,2,570.44
155,Priscilla,Jagir,68,Priscilla.Jagir@email.com,Priscilla.Jagir@gmail.com,Guaratinguetá,1,194.89
156,Emelina,Zola,61,Emelina.Zola@email.com,Emelina.Zola@gmail.com,Angra dos Reis,5,231.98
157,Nicoli,Clie,44,Nicoli.Clie@email.com,Nicoli.Clie@gmail.com,São Paulo,1,746.63
158,Reeba,Kirbee,32,Reeba.Kirbee@email.com,Reeba.Kirbee@gmail.com,Penedo,2,190.03
159,Leontine,Bashemeth,53,Leontine.Bashemeth@email.com,Leontine.Bashemeth@gmail.com,São Paulo,3,850.97
160,Raquela,Gino,64,Raquela.Gino@email.com,Raquela.Gino@gmail.com,Angra dos Reis,4,515.68
161,Robinia,McAdams,53,Robinia.McAdams@email.com,Robinia.McAdams@gmail.com,Guaratinguetá,3,308.67
162,Gale,Lorenz,65,Gale.Lorenz@email.com,Gale.Lorenz@gmail.com,Guaratinguetá,1,861.78
163,Lucille,Alcott,49,Lucille.Alcott@email.com,Lucille.Alcott@gmail.com,Santos,1,261.49
164,Joceline,Whittaker,57,Joceline.Whittaker@email.com,Joceline.Whittaker@gmail.com,Vitória,3,967.86
165,Rivalee,Fiester,30,Rivalee.Fiester@email.com,Rivalee.Fiester@gmail.com,Santos,4,813.97
166,Bernie,Bigner,48,Bernie.Bigner@email.com,Bernie.Bigner@gmail.com,Santos,5,152.47
167,Marguerite,Chobot,56,Marguerite.Chobot@email.com,Marguerite.Chobot@gmail.com,São Paulo,3,176.7
168,Rivalee,Medrek,70,Rivalee.Medrek@email.com,Rivalee.Medrek@gmail.com,Rio de Janeiro,5,352.23
169,Beatriz,Ietta,49,Beatriz.Ietta@email.com,Beatriz.Ietta@gmail.com,Vitória,3,962.09
170,Audrie,Phi,25,Audrie.Phi@email.com,Audrie.Phi@gmail.com,Vitória,3,842.86
171,Ellette,Sharl,22,Ellette.Sharl@email.com,Ellette.Sharl@gmail.com,Santos,3,870.09
172,Harrietta,Whiffen,46,Harrietta.Whiffen@email.com,Harrietta.Whiffen@gmail.com,Rio de Janeiro,3,355.46
173,Dolli,Shama,52,Dolli.Shama@email.com,Dolli.Shama@gmail.com,"Trindade ",5,11.68
174,Ezmeralda,Vharat,59,Ezmeralda.Vharat@email.com,Ezmeralda.Vharat@gmail.com,Angra dos Reis,1,865.31
175,Donetta,Trinetta,24,Donetta.Trinetta@email.com,Donetta.Trinetta@gmail.com,"Trindade ",4,672.55
176,Renie,Dowski,67,Renie.Dowski@email.com,Renie.Dowski@gmail.com,Penedo,3,716.29
177,Tami,Clywd,32,Tami.Clywd@email.com,Tami.Clywd@gmail.com,São Paulo,2,572.91
178,Celene,Talia,50,Celene.Talia@email.com,Celene.Talia@gmail.com,São Paulo,1,252.36
179,Margarette,Calhoun,39,Margarette.Calhoun@email.com,Margarette.Calhoun@gmail.com,São Paulo,4,390.14
180,Sandie,Swanhildas,57,Sandie.Swanhildas@email.com,Sandie.Swanhildas@gmail.com,Guaratinguetá,5,487.24
181,Pearline,Mata,34,Pearline.Mata@email.com,Pearline.Mata@gmail.com,Vitória,2,628.95
182,Bernardine,Gemini,33,Bernardine.Gemini@email.com,Bernardine.Gemini@gmail.com,Guaratinguetá,4,291.28
183,Sissy,Naor,33,Sissy.Naor@email.com,Sissy.Naor@gmail.com,Angra dos Reis,5,640.96
184,Melisent,Gabrielli,35,Melisent.Gabrielli@email.com,Melisent.Gabrielli@gmail.com,Angra dos Reis,4,244.12
185,Tressa,McAdams,41,Tressa.McAdams@email.com,Tressa.McAdams@gmail.com,Guaratinguetá,5,349.64
186,Jolyn,Zeeba,58,Jolyn.Zeeba@email.com,Jolyn.Zeeba@gmail.com,Guaratinguetá,3,453.71
187,Konstance,Phyllis,70,Konstance.Phyllis@email.com,Konstance.Phyllis@gmail.com,Santos,1,996.12
188,Wendi,Lynn,47,Wendi.Lynn@email.com,Wendi.Lynn@gmail.com,Guaratinguetá,5,910.31
189,Merle,Lutero,34,Merle.Lutero@email.com,Merle.Lutero@gmail.com,Penedo,4,740.81
190,Korrie,Avi,54,Korrie.Avi@email.com,Korrie.Avi@gmail.com,"Trindade ",2,743.08
191,Jorry,Bethany,62,Jorry.Bethany@email.com,Jorry.Bethany@gmail.com,São Paulo,3,165.46
192,Corly,Urania,31,Corly.Urania@email.com,Corly.Urania@gmail.com,"Trindade ",2,860.85
193,Cherrita,Stevy,58,Cherrita.Stevy@email.com,Cherrita.Stevy@gmail.com,Santos,4,731.02
194,Darci,Cleavland,21,Darci.Cleavland@email.com,Darci.Cleavland@gmail.com,São Paulo,3,962.89
195,Nannie,Thema,61,Nannie.Thema@email.com,Nannie.Thema@gmail.com,Guaratinguetá,2,59.72
196,Lynea,Mintz,57,Lynea.Mintz@email.com,Lynea.Mintz@gmail.com,São Paulo,1,458.31
197,Tami,Manolo,24,Tami.Manolo@email.com,Tami.Manolo@gmail.com,Guaratinguetá,5,862.64
198,Kore,Cookie,47,Kore.Cookie@email.com,Kore.Cookie@gmail.com,Rio de Janeiro,2,367.73
199,Gwenneth,Hubert,30,Gwenneth.Hubert@email.com,Gwenneth.Hubert@gmail.com,"Trindade ",1,862.42
200,Edith,Syd,28,Edith.Syd@email.com,Edith.Syd@gmail.com,Guaratinguetá,1,830.5
201,Elbertina,Jeanne,63,Elbertina.Jeanne@email.com,Elbertina.Jeanne@gmail.com,Santos,1,307.63
202,Joeann,Xerxes,39,Joeann.Xerxes@email.com,Joeann.Xerxes@gmail.com,Rio de Janeiro,4,960.03
203,Noelle,Caitlin,34,Noelle.Caitlin@email.com,Noelle.Caitlin@gmail.com,"Trindade ",2,949.4
204,Lacie,Masao,52,Lacie.Masao@email.com,Lacie.Masao@gmail.com,Vitória,5,108.19
205,Lynea,Reneta,25,Lynea.Reneta@email.com,Lynea.Reneta@gmail.com,Santos,4,719.84
206,Elbertina,Olin,60,Elbertina.Olin@email.com,Elbertina.Olin@gmail.com,São Paulo,3,96.62
207,Nariko,Glovsky,38,Nariko.Glovsky@email.com,Nariko.Glovsky@gmail.com,Guaratinguetá,2,832.38
208,Candy,Daniele,20,Candy.Daniele@email.com,Candy.Daniele@gmail.com,Guaratinguetá,1,896.45
209,Keelia,Sammons,43,Keelia.Sammons@email.com,Keelia.Sammons@gmail.com,Santos,4,590.59
210,Nananne,O'Carroll,48,Nananne.O'Carroll@email.com,Nananne.O'Carroll@gmail.com,Rio de Janeiro,4,920.6
211,Concettina,Holbrook,49,Concettina.Holbrook@email.com,Concettina.Holbrook@gmail.com,Vitória,2,907.12
212,Meg,Ardra,64,Meg.Ardra@email.com,Meg.Ardra@gmail.com,Angra dos Reis,1,311.52
213,Dolli,Carleen,33,Dolli.Carleen@email.com,Dolli.Carleen@gmail.com,São Paulo,3,934.41
214,Vanessa,Voletta,65,Vanessa.Voletta@email.com,Vanessa.Voletta@gmail.com,Vitória,3,53.6
215,Caritta,Bonilla,33,Caritta.Bonilla@email.com,Caritta.Bonilla@gmail.com,Santos,5,24
216,Fanchon,Dahlia,62,Fanchon.Dahlia@email.com,Fanchon.Dahlia@gmail.com,"Trindade ",2,379.86
217,Elka,Kellby,32,Elka.Kellby@email.com,Elka.Kellby@gmail.com,Penedo,4,84.29
218,Libbie,Hepsibah,62,Libbie.Hepsibah@email.com,Libbie.Hepsibah@gmail.com,Santos,3,201.48
219,Modestia,Chauncey,33,Modestia.Chauncey@email.com,Modestia.Chauncey@gmail.com,Vitória,1,657.44
220,Gwenneth,Socha,55,Gwenneth.Socha@email.com,Gwenneth.Socha@gmail.com,Santos,2,339.35
221,Tilly,Joni,39,Tilly.Joni@email.com,Tilly.Joni@gmail.com,Santos,1,179.48
222,Starla,Stilwell,33,Starla.Stilwell@email.com,Starla.Stilwell@gmail.com,Santos,4,719.07
223,Dorothy,Anderea,58,Dorothy.Anderea@email.com,Dorothy.Anderea@gmail.com,Penedo,5,46.68
224,Valera,Cohdwell,61,Valera.Cohdwell@email.com,Valera.Cohdwell@gmail.com,Penedo,3,513.73
225,Karena,Zetta,66,Karena.Zetta@email.com,Karena.Zetta@gmail.com,Guaratinguetá,4,133.11
226,Wileen,Melan,34,Wileen.Melan@email.com,Wileen.Melan@gmail.com,Guaratinguetá,1,82.2
227,Robbi,Kevon,24,Robbi.Kevon@email.com,Robbi.Kevon@gmail.com,Penedo,4,736.82
228,Annice,Ietta,60,Annice.Ietta@email.com,Annice.Ietta@gmail.com,Guaratinguetá,5,573.69
229,Jessy,Olympium,37,Jessy.Olympium@email.com,Jessy.Olympium@gmail.com,Santos,3,713.92
230,Joelly,Allys,68,Joelly.Allys@email.com,Joelly.Allys@gmail.com,Guaratinguetá,2,72.23
231,Carilyn,Yorick,56,Carilyn.Yorick@email.com,Carilyn.Yorick@gmail.com,Angra dos Reis,5,986.23
232,Betta,Bryna,51,Betta.Bryna@email.com,Betta.Bryna@gmail.com,São Paulo,3,819.37
233,Carilyn,Leary,62,Carilyn.Leary@email.com,Carilyn.Leary@gmail.com,"Trindade ",3,147.72
234,Babita,Susannah,61,Babita.Susannah@email.com,Babita.Susannah@gmail.com,Vitória,4,576.15
235,Kimmy,Moina,66,Kimmy.Moina@email.com,Kimmy.Moina@gmail.com,"Trindade ",4,713
236,Teriann,Gaspard,65,Teriann.Gaspard@email.com,Teriann.Gaspard@gmail.com,Rio de Janeiro,1,818.57
237,Carol-Jean,Dahlia,23,Carol-Jean.Dahlia@email.com,Carol-Jean.Dahlia@gmail.com,São Paulo,3,770.2
238,Glenda,Firmin,42,Glenda.Firmin@email.com,Glenda.Firmin@gmail.com,"Trindade ",3,177.81
239,Willetta,Hoban,39,Willetta.Hoban@email.com,Willetta.Hoban@gmail.com,Penedo,2,441.56
240,Zondra,Drus,66,Zondra.Drus@email.com,Zondra.Drus@gmail.com,São Paulo,4,75.92
241,Augustine,Kalinda,22,Augustine.Kalinda@email.com,Augustine.Kalinda@gmail.com,Rio de Janeiro,2,257.6
242,Shell,Frendel,21,Shell.Frendel@email.com,Shell.Frendel@gmail.com,Angra dos Reis,3,204.36
243,Frieda,Mike,67,Frieda.Mike@email.com,Frieda.Mike@gmail.com,Santos,5,687.79
244,Gusella,Emmaline,25,Gusella.Emmaline@email.com,Gusella.Emmaline@gmail.com,Guaratinguetá,3,490.82
245,Stacey,Toffic,51,Stacey.Toffic@email.com,Stacey.Toffic@gmail.com,São Paulo,5,380.34
246,Peri,Vharat,32,Peri.Vharat@email.com,Peri.Vharat@gmail.com,Penedo,3,635.81
247,Neila,Sidonius,48,Neila.Sidonius@email.com,Neila.Sidonius@gmail.com,Angra dos Reis,1,456.46
248,Sindee,Japeth,64,Sindee.Japeth@email.com,Sindee.Japeth@gmail.com,"Trindade ",2,985.14
249,Babita,Kermit,42,Babita.Kermit@email.com,Babita.Kermit@gmail.com,Rio de Janeiro,5,321.5
250,Evaleen,Pierette,34,Evaleen.Pierette@email.com,Evaleen.Pierette@gmail.com,Rio de Janeiro,1,130.2
251,Melisent,Ahab,68,Melisent.Ahab@email.com,Melisent.Ahab@gmail.com,Angra dos Reis,4,821.87
252,Feliza,Charmine,64,Feliza.Charmine@email.com,Feliza.Charmine@gmail.com,Angra dos Reis,2,342.8
253,Xylina,Harl,30,Xylina.Harl@email.com,Xylina.Harl@gmail.com,Angra dos Reis,1,998.26
254,Caryl,Elisha,35,Caryl.Elisha@email.com,Caryl.Elisha@gmail.com,São Paulo,5,521.73
255,Hope,Celestine,66,Hope.Celestine@email.com,Hope.Celestine@gmail.com,Santos,3,952.34
256,Nanete,Seagraves,43,Nanete.Seagraves@email.com,Nanete.Seagraves@gmail.com,Guaratinguetá,2,379.94
257,Phedra,Berard,46,Phedra.Berard@email.com,Phedra.Berard@gmail.com,Santos,4,62.28
258,Jaime,Ciro,35,Jaime.Ciro@email.com,Jaime.Ciro@gmail.com,Vitória,2,671.98
259,Neila,Gibbeon,54,Neila.Gibbeon@email.com,Neila.Gibbeon@gmail.com,Angra dos Reis,3,850.9
260,Arlina,Monaco,28,Arlina.Monaco@email.com,Arlina.Monaco@gmail.com,São Paulo,1,273.69
261,Merle,Manolo,41,Merle.Manolo@email.com,Merle.Manolo@gmail.com,Guaratinguetá,2,975.62
262,Barbi,Brandice,30,Barbi.Brandice@email.com,Barbi.Brandice@gmail.com,Santos,5,569.13
263,Joane,Bennie,29,Joane.Bennie@email.com,Joane.Bennie@gmail.com,São Paulo,5,523.91
264,Gui,Presber,52,Gui.Presber@email.com,Gui.Presber@gmail.com,São Paulo,4,810.22
265,Kathy,Henebry,43,Kathy.Henebry@email.com,Kathy.Henebry@gmail.com,Penedo,2,630.61
266,Delilah,Wattenberg,35,Delilah.Wattenberg@email.com,Delilah.Wattenberg@gmail.com,São Paulo,3,496.58
267,Gwenneth,Kesley,21,Gwenneth.Kesley@email.com,Gwenneth.Kesley@gmail.com,Rio de Janeiro,1,606.61
268,Dyann,Hubert,36,Dyann.Hubert@email.com,Dyann.Hubert@gmail.com,Santos,3,577.96
269,Dorice,Byrne,59,Dorice.Byrne@email.com,Dorice.Byrne@gmail.com,Angra dos Reis,3,861.85
270,Melisent,Idelia,44,Melisent.Idelia@email.com,Melisent.Idelia@gmail.com,São Paulo,1,44.05
271,Blake,Erlandson,54,Blake.Erlandson@email.com,Blake.Erlandson@gmail.com,São Paulo,1,632.36
272,Alleen,Jarib,50,Alleen.Jarib@email.com,Alleen.Jarib@gmail.com,Guaratinguetá,4,185.17
273,Rhoda,Zuzana,54,Rhoda.Zuzana@email.com,Rhoda.Zuzana@gmail.com,Angra dos Reis,5,193.9
274,Inga,Federica,62,Inga.Federica@email.com,Inga.Federica@gmail.com,"Trindade ",2,299
275,Fred,Maples,48,Fred.Maples@email.com,Fred.Maples@gmail.com,Santos,3,466.53
276,Felice,LaRue,38,Felice.LaRue@email.com,Felice.LaRue@gmail.com,Angra dos Reis,3,234.49
277,Patricia,Westphal,23,Patricia.Westphal@email.com,Patricia.Westphal@gmail.com,Vitória,1,790.73
278,Laurene,Percy,22,Laurene.Percy@email.com,Laurene.Percy@gmail.com,Rio de Janeiro,2,457.85
279,Meghann,Linskey,69,Meghann.Linskey@email.com,Meghann.Linskey@gmail.com,Santos,3,159.66
280,Blinni,Bergman,44,Blinni.Bergman@email.com,Blinni.Bergman@gmail.com,Penedo,3,934.12
281,Frank,Leary,62,Frank.Leary@email.com,Frank.Leary@gmail.com,Santos,5,567.99
282,Yetty,Briney,66,Yetty.Briney@email.com,Yetty.Briney@gmail.com,Penedo,2,669.01
283,Kimmy,Cath,38,Kimmy.Cath@email.com,Kimmy.Cath@gmail.com,São Paulo,4,699.42
284,Di,Slifka,31,Di.Slifka@email.com,Di.Slifka@gmail.com,Penedo,3,530.48
285,Frances,Haldas,38,Frances.Haldas@email.com,Frances.Haldas@gmail.com,Rio de Janeiro,1,97.73
286,Raina,Georgy,67,Raina.Georgy@email.com,Raina.Georgy@gmail.com,Vitória,2,418.1
287,Dagmar,Cristi,39,Dagmar.Cristi@email.com,Dagmar.Cristi@gmail.com,Guaratinguetá,2,146.54
288,Tami,Kesley,59,Tami.Kesley@email.com,Tami.Kesley@gmail.com,Penedo,4,363.82
289,Doro,Vittoria,24,Doro.Vittoria@email.com,Doro.Vittoria@gmail.com,Guaratinguetá,5,795.82
290,Sallie,Kirstin,21,Sallie.Kirstin@email.com,Sallie.Kirstin@gmail.com,Guaratinguetá,2,173.71
291,Renie,Jena,57,Renie.Jena@email.com,Renie.Jena@gmail.com,Santos,3,961.07
292,Vanessa,Durware,50,Vanessa.Durware@email.com,Vanessa.Durware@gmail.com,Penedo,5,568.63
293,Atlanta,Bobbee,58,Atlanta.Bobbee@email.com,Atlanta.Bobbee@gmail.com,São Paulo,3,510.02
294,Ariela,Kellby,55,Ariela.Kellby@email.com,Ariela.Kellby@gmail.com,Penedo,1,983.11
295,Caryl,Ludewig,50,Caryl.Ludewig@email.com,Caryl.Ludewig@gmail.com,São Paulo,4,215.91
296,Mildrid,Fredi,67,Mildrid.Fredi@email.com,Mildrid.Fredi@gmail.com,Penedo,1,990.04
297,Sadie,Zuzana,30,Sadie.Zuzana@email.com,Sadie.Zuzana@gmail.com,Guaratinguetá,5,289.73
298,Cristine,Regan,56,Cristine.Regan@email.com,Cristine.Regan@gmail.com,São Paulo,5,344.9
299,Natka,Argus,28,Natka.Argus@email.com,Natka.Argus@gmail.com,Penedo,5,117.47
300,Regina,Allina,29,Regina.Allina@email.com,Regina.Allina@gmail.com,São Paulo,5,960.21
301,Ada,Ethban,47,Ada.Ethban@email.com,Ada.Ethban@gmail.com,São Paulo,3,799.54
302,Corina,Ramona,48,Corina.Ramona@email.com,Corina.Ramona@gmail.com,Penedo,1,13.6
303,Marnia,Bates,49,Marnia.Bates@email.com,Marnia.Bates@gmail.com,Angra dos Reis,5,904.36
304,Minne,Stevy,70,Minne.Stevy@email.com,Minne.Stevy@gmail.com,Santos,1,778.22
305,Liana,Jenness,24,Liana.Jenness@email.com,Liana.Jenness@gmail.com,Penedo,3,689.67
306,Eve,Marsden,54,Eve.Marsden@email.com,Eve.Marsden@gmail.com,"Trindade ",3,297.58
307,Halette,Tamar,54,Halette.Tamar@email.com,Halette.Tamar@gmail.com,Vitória,4,351.93
308,Carlie,Cookie,28,Carlie.Cookie@email.com,Carlie.Cookie@gmail.com,Vitória,5,712.85
309,Phylis,Germann,59,Phylis.Germann@email.com,Phylis.Germann@gmail.com,São Paulo,4,290.83
310,Nollie,Bryna,33,Nollie.Bryna@email.com,Nollie.Bryna@gmail.com,Rio de Janeiro,2,289.45
311,Flo,Bandeen,62,Flo.Bandeen@email.com,Flo.Bandeen@gmail.com,Guaratinguetá,3,770.98
312,Rivalee,Kolnick,40,Rivalee.Kolnick@email.com,Rivalee.Kolnick@gmail.com,Vitória,1,932.65
313,Aeriela,Kathie,70,Aeriela.Kathie@email.com,Aeriela.Kathie@gmail.com,Angra dos Reis,1,970.36
314,Tonia,Morrill,67,Tonia.Morrill@email.com,Tonia.Morrill@gmail.com,Rio de Janeiro,2,633.71
315,Deloria,Cornelia,49,Deloria.Cornelia@email.com,Deloria.Cornelia@gmail.com,Guaratinguetá,5,120.02
316,Elfreda,Lissi,61,Elfreda.Lissi@email.com,Elfreda.Lissi@gmail.com,São Paulo,2,628.1
317,Marti,Evvie,48,Marti.Evvie@email.com,Marti.Evvie@gmail.com,Vitória,5,809.74
318,Claresta,Paton,57,Claresta.Paton@email.com,Claresta.Paton@gmail.com,Angra dos Reis,4,229.82
319,Kittie,Tiffa,69,Kittie.Tiffa@email.com,Kittie.Tiffa@gmail.com,Guaratinguetá,3,896.73
320,Louella,Mandler,39,Louella.Mandler@email.com,Louella.Mandler@gmail.com,Santos,1,524.25
321,Winny,Rheingold,22,Winny.Rheingold@email.com,Winny.Rheingold@gmail.com,Penedo,4,607.57
322,Morganica,Sammons,59,Morganica.Sammons@email.com,Morganica.Sammons@gmail.com,"Trindade ",4,184.85
323,Devina,Shama,21,Devina.Shama@email.com,Devina.Shama@gmail.com,Penedo,5,345.87
324,Alie,Bates,64,Alie.Bates@email.com,Alie.Bates@gmail.com,"Trindade ",5,739.68
325,Ebonee,Aloise,37,Ebonee.Aloise@email.com,Ebonee.Aloise@gmail.com,Rio de Janeiro,4,576.09
326,Alameda,Hazlett,45,Alameda.Hazlett@email.com,Alameda.Hazlett@gmail.com,"Trindade ",2,340.43
327,Romona,Waldron,68,Romona.Waldron@email.com,Romona.Waldron@gmail.com,Vitória,2,27.23
328,Donetta,Christal,56,Donetta.Christal@email.com,Donetta.Christal@gmail.com,"Trindade ",5,781.67
329,Tybie,Afton,70,Tybie.Afton@email.com,Tybie.Afton@gmail.com,Vitória,2,904.9
330,Misha,Arne,22,Misha.Arne@email.com,Misha.Arne@gmail.com,Vitória,3,580.01
331,Leona,Rosalba,69,Leona.Rosalba@email.com,Leona.Rosalba@gmail.com,São Paulo,4,755
332,Shannah,Cecile,29,Shannah.Cecile@email.com,Shannah.Cecile@gmail.com,São Paulo,5,635.41
333,Debee,Greenwald,30,Debee.Greenwald@email.com,Debee.Greenwald@gmail.com,Rio de Janeiro,1,618.7
334,Lonnie,Burch,60,Lonnie.Burch@email.com,Lonnie.Burch@gmail.com,"Trindade ",3,884.19
335,Emmey,Martguerita,33,Emmey.Martguerita@email.com,Emmey.Martguerita@gmail.com,Guaratinguetá,4,115.37
336,Vanessa,Esmaria,62,Vanessa.Esmaria@email.com,Vanessa.Esmaria@gmail.com,Vitória,1,583.99
337,Carree,Loring,27,Carree.Loring@email.com,Carree.Loring@gmail.com,"Trindade ",5,843.18
338,Arlina,Suanne,32,Arlina.Suanne@email.com,Arlina.Suanne@gmail.com,"Trindade ",3,847.86
339,Mildrid,Sallyann,42,Mildrid.Sallyann@email.com,Mildrid.Sallyann@gmail.com,Penedo,3,142.05
340,Marsiella,Alice,58,Marsiella.Alice@email.com,Marsiella.Alice@gmail.com,Rio de Janeiro,1,328.81
341,Alejandra,Ethban,66,Alejandra.Ethban@email.com,Alejandra.Ethban@gmail.com,Santos,1,711.39
342,Asia,Secrest,45,Asia.Secrest@email.com,Asia.Secrest@gmail.com,Angra dos Reis,1,499.06
343,Marleah,Lumbard,43,Marleah.Lumbard@email.com,Marleah.Lumbard@gmail.com,Santos,1,473.66
344,Zaria,Pond,66,Zaria.Pond@email.com,Zaria.Pond@gmail.com,Penedo,2,347.01
345,Florie,Primalia,54,Florie.Primalia@email.com,Florie.Primalia@gmail.com,"Trindade ",2,327.05
346,Gabi,Ashok,26,Gabi.Ashok@email.com,Gabi.Ashok@gmail.com,Guaratinguetá,4,633.44
347,Millie,Cassius,32,Millie.Cassius@email.com,Millie.Cassius@gmail.com,Penedo,3,182.49
348,Priscilla,Louanna,69,Priscilla.Louanna@email.com,Priscilla.Louanna@gmail.com,Santos,1,489.9
349,Zia,Pozzy,65,Zia.Pozzy@email.com,Zia.Pozzy@gmail.com,"Trindade ",2,402.88
350,Jolyn,Montgomery,36,Jolyn.Montgomery@email.com,Jolyn.Montgomery@gmail.com,Angra dos Reis,1,316.29
351,Kial,Seagraves,66,Kial.Seagraves@email.com,Kial.Seagraves@gmail.com,São Paulo,1,625.17
352,Ulrike,Douglass,21,Ulrike.Douglass@email.com,Ulrike.Douglass@gmail.com,Penedo,4,982.43
353,Roxane,Carbo,48,Roxane.Carbo@email.com,Roxane.Carbo@gmail.com,Penedo,2,348.51
354,Ariela,Munn,62,Ariela.Munn@email.com,Ariela.Munn@gmail.com,São Paulo,5,513.52
355,Julieta,Gladstone,25,Julieta.Gladstone@email.com,Julieta.Gladstone@gmail.com,Angra dos Reis,4,298.82
356,Petronia,Tiffa,36,Petronia.Tiffa@email.com,Petronia.Tiffa@gmail.com,Guaratinguetá,1,104.24
357,Alie,Merell,49,Alie.Merell@email.com,Alie.Merell@gmail.com,Guaratinguetá,5,381.03
358,Kathy,Bronk,42,Kathy.Bronk@email.com,Kathy.Bronk@gmail.com,Angra dos Reis,4,42.42
359,Carly,Bertold,52,Carly.Bertold@email.com,Carly.Bertold@gmail.com,São Paulo,2,431.82
360,Rayna,Noman,57,Rayna.Noman@email.com,Rayna.Noman@gmail.com,Guaratinguetá,2,193.82
361,Stevana,Rosette,68,Stevana.Rosette@email.com,Stevana.Rosette@gmail.com,Vitória,2,667.82
362,Hannis,Kussell,28,Hannis.Kussell@email.com,Hannis.Kussell@gmail.com,São Paulo,3,387.03
363,Raf,Reneta,48,Raf.Reneta@email.com,Raf.Reneta@gmail.com,Rio de Janeiro,4,546.69
364,Marguerite,Rurik,55,Marguerite.Rurik@email.com,Marguerite.Rurik@gmail.com,São Paulo,3,401.66
365,Mahalia,Tengdin,46,Mahalia.Tengdin@email.com,Mahalia.Tengdin@gmail.com,Santos,4,589.54
366,Diena,Bibi,47,Diena.Bibi@email.com,Diena.Bibi@gmail.com,Santos,2,295.56
367,Lesly,Anis,23,Lesly.Anis@email.com,Lesly.Anis@gmail.com,Santos,4,438.46
368,Tressa,Blase,62,Tressa.Blase@email.com,Tressa.Blase@gmail.com,Penedo,5,150.42
369,Ricky,Breed,53,Ricky.Breed@email.com,Ricky.Breed@gmail.com,Angra dos Reis,5,17.71
370,Rosaline,Uird,45,Rosaline.Uird@email.com,Rosaline.Uird@gmail.com,Angra dos Reis,2,200
371,Carmencita,Sibyls,51,Carmencita.Sibyls@email.com,Carmencita.Sibyls@gmail.com,"Trindade ",2,368.64
372,Libbie,Callista,59,Libbie.Callista@email.com,Libbie.Callista@gmail.com,Guaratinguetá,3,666.77
373,Doralynne,Liebermann,53,Doralynne.Liebermann@email.com,Doralynne.Liebermann@gmail.com,São Paulo,1,944.6
374,Lindie,Pascia,56,Lindie.Pascia@email.com,Lindie.Pascia@gmail.com,Vitória,2,687.15
375,Hermione,Arley,23,Hermione.Arley@email.com,Hermione.Arley@gmail.com,"Trindade ",4,277.42
376,Lorne,Anestassia,25,Lorne.Anestassia@email.com,Lorne.Anestassia@gmail.com,Guaratinguetá,2,868.79
377,Paule,Trinetta,45,Paule.Trinetta@email.com,Paule.Trinetta@gmail.com,Angra dos Reis,2,353.42
378,Melanie,Frodi,35,Melanie.Frodi@email.com,Melanie.Frodi@gmail.com,Santos,4,516.11
379,Cyb,Fry,68,Cyb.Fry@email.com,Cyb.Fry@gmail.com,Guaratinguetá,5,750.3
380,Gale,Demitria,45,Gale.Demitria@email.com,Gale.Demitria@gmail.com,Vitória,5,640.8
381,Stacey,Mendez,38,Stacey.Mendez@email.com,Stacey.Mendez@gmail.com,Rio de Janeiro,2,474.04
382,Jackie,Tufts,63,Jackie.Tufts@email.com,Jackie.Tufts@gmail.com,Vitória,5,490.78
383,Harrietta,Berard,52,Harrietta.Berard@email.com,Harrietta.Berard@gmail.com,Angra dos Reis,5,952.05
384,Valeda,Urania,31,Valeda.Urania@email.com,Valeda.Urania@gmail.com,Angra dos Reis,4,542.22
385,Eve,Gibbeon,58,Eve.Gibbeon@email.com,Eve.Gibbeon@gmail.com,Santos,5,738.6
386,Belva,Radu,64,Belva.Radu@email.com,Belva.Radu@gmail.com,Santos,3,870.33
387,Elise,Durante,45,Elise.Durante@email.com,Elise.Durante@gmail.com,Vitória,1,222.92
388,Margalo,Infield,55,Margalo.Infield@email.com,Margalo.Infield@gmail.com,Guaratinguetá,2,267.64
389,Darlleen,Melony,34,Darlleen.Melony@email.com,Darlleen.Melony@gmail.com,Santos,3,284.5
390,Joelly,Rooney,56,Joelly.Rooney@email.com,Joelly.Rooney@gmail.com,Penedo,1,53.24
391,Carmencita,Tiffa,28,Carmencita.Tiffa@email.com,Carmencita.Tiffa@gmail.com,Angra dos Reis,3,326.68
392,Kirbee,Juliet,24,Kirbee.Juliet@email.com,Kirbee.Juliet@gmail.com,Penedo,1,724.63
393,Marcy,Letsou,50,Marcy.Letsou@email.com,Marcy.Letsou@gmail.com,Vitória,3,353.65
394,Rosene,Craggie,45,Rosene.Craggie@email.com,Rosene.Craggie@gmail.com,São Paulo,3,543.96
395,Kamilah,Melony,40,Kamilah.Melony@email.com,Kamilah.Melony@gmail.com,Guaratinguetá,1,901.4
396,Hannis,Sinegold,65,Hannis.Sinegold@email.com,Hannis.Sinegold@gmail.com,São Paulo,1,732.47
397,Binny,Sandye,64,Binny.Sandye@email.com,Binny.Sandye@gmail.com,"Trindade ",2,310.7
398,Noelle,Riva,32,Noelle.Riva@email.com,Noelle.Riva@gmail.com,Guaratinguetá,4,500.73
399,Anestassia,Arne,45,Anestassia.Arne@email.com,Anestassia.Arne@gmail.com,Santos,4,234.45
400,Dale,Goode,30,Dale.Goode@email.com,Dale.Goode@gmail.com,Angra dos Reis,2,309.38
401,Joelly,Bertold,32,Joelly.Bertold@email.com,Joelly.Bertold@gmail.com,Santos,2,214.52
402,Constance,Lunsford,64,Constance.Lunsford@email.com,Constance.Lunsford@gmail.com,Guaratinguetá,2,73.25
403,Vevay,Madaih,66,Vevay.Madaih@email.com,Vevay.Madaih@gmail.com,Santos,1,128.9
404,Hyacinthe,Vale,44,Hyacinthe.Vale@email.com,Hyacinthe.Vale@gmail.com,São Paulo,2,446.15
405,Paola,Firmin,48,Paola.Firmin@email.com,Paola.Firmin@gmail.com,Angra dos Reis,2,67.22
406,Sophia,Tice,45,Sophia.Tice@email.com,Sophia.Tice@gmail.com,"Trindade ",5,610.45
407,Reeba,Chaing,55,Reeba.Chaing@email.com,Reeba.Chaing@gmail.com,Vitória,5,51.53
408,Jackie,Pascia,44,Jackie.Pascia@email.com,Jackie.Pascia@gmail.com,Santos,1,129.85
409,Joane,Hutchison,27,Joane.Hutchison@email.com,Joane.Hutchison@gmail.com,Rio de Janeiro,4,420.22
410,Jemie,Verger,63,Jemie.Verger@email.com,Jemie.Verger@gmail.com,Rio de Janeiro,5,668.38
411,Carol-Jean,Virgin,55,Carol-Jean.Virgin@email.com,Carol-Jean.Virgin@gmail.com,Santos,4,988.92
412,Lynea,Tamsky,20,Lynea.Tamsky@email.com,Lynea.Tamsky@gmail.com,Guaratinguetá,5,837.15
413,Shell,Bahr,67,Shell.Bahr@email.com,Shell.Bahr@gmail.com,Rio de Janeiro,2,250.16
414,Flo,Center,41,Flo.Center@email.com,Flo.Center@gmail.com,Vitória,1,74.38
415,Shirlee,Chick,41,Shirlee.Chick@email.com,Shirlee.Chick@gmail.com,"Trindade ",1,245.37
416,Gretal,Sundin,68,Gretal.Sundin@email.com,Gretal.Sundin@gmail.com,São Paulo,2,667.5
417,Cathie,Suk,59,Cathie.Suk@email.com,Cathie.Suk@gmail.com,São Paulo,1,237.63
418,Valeda,Mandler,27,Valeda.Mandler@email.com,Valeda.Mandler@gmail.com,Guaratinguetá,3,417.06
419,Brianna,Toffic,29,Brianna.Toffic@email.com,Brianna.Toffic@gmail.com,Vitória,2,532.1
420,Fred,Garek,23,Fred.Garek@email.com,Fred.Garek@gmail.com,Santos,3,396.44
421,Ketti,Taima,60,Ketti.Taima@email.com,Ketti.Taima@gmail.com,São Paulo,3,305.39
422,Barbara,Read,33,Barbara.Read@email.com,Barbara.Read@gmail.com,Rio de Janeiro,3,487.23
423,Adele,Standing,36,Adele.Standing@email.com,Adele.Standing@gmail.com,Rio de Janeiro,3,879.31
424,Dacia,Andrel,50,Dacia.Andrel@email.com,Dacia.Andrel@gmail.com,São Paulo,1,262.57
425,Marylou,Pip,57,Marylou.Pip@email.com,Marylou.Pip@gmail.com,Guaratinguetá,2,587.95
426,Kathy,Halla,60,Kathy.Halla@email.com,Kathy.Halla@gmail.com,Santos,2,588.48
427,Sharai,Therine,69,Sharai.Therine@email.com,Sharai.Therine@gmail.com,"Trindade ",2,233.59
428,Lusa,Caitlin,50,Lusa.Caitlin@email.com,Lusa.Caitlin@gmail.com,Vitória,4,825.53
429,Carolina,Vorster,25,Carolina.Vorster@email.com,Carolina.Vorster@gmail.com,Angra dos Reis,5,914.33
430,Patricia,Judye,32,Patricia.Judye@email.com,Patricia.Judye@gmail.com,Penedo,5,644.02
431,Margarette,Faria,43,Margarette.Faria@email.com,Margarette.Faria@gmail.com,Penedo,3,554.63
432,June,Redmond,63,June.Redmond@email.com,June.Redmond@gmail.com,Guaratinguetá,5,68.34
433,Beverley,Tufts,26,Beverley.Tufts@email.com,Beverley.Tufts@gmail.com,Santos,5,833.35
434,Kenna,Hylan,42,Kenna.Hylan@email.com,Kenna.Hylan@gmail.com,São Paulo,5,591.35
435,Kary,Emanuel,40,Kary.Emanuel@email.com,Kary.Emanuel@gmail.com,Santos,3,541.39
436,Tobe,Swanhildas,51,Tobe.Swanhildas@email.com,Tobe.Swanhildas@gmail.com,"Trindade ",4,943.83
437,Wendi,Mike,45,Wendi.Mike@email.com,Wendi.Mike@gmail.com,"Trindade ",3,60.07
438,Letizia,Callista,50,Letizia.Callista@email.com,Letizia.Callista@gmail.com,Penedo,4,134.38
439,Courtnay,Corabella,53,Courtnay.Corabella@email.com,Courtnay.Corabella@gmail.com,São Paulo,2,963.23
440,Viviene,Myrilla,39,Viviene.Myrilla@email.com,Viviene.Myrilla@gmail.com,Guaratinguetá,4,245.36
441,Raina,Sikorski,58,Raina.Sikorski@email.com,Raina.Sikorski@gmail.com,Penedo,3,647.63
442,Lynea,Gillan,35,Lynea.Gillan@email.com,Lynea.Gillan@gmail.com,Guaratinguetá,2,106.55
443,Linzy,Nahum,50,Linzy.Nahum@email.com,Linzy.Nahum@gmail.com,"Trindade ",3,254.25
444,Mara,Brian,51,Mara.Brian@email.com,Mara.Brian@gmail.com,Penedo,2,253.15
445,Raf,Huggins,23,Raf.Huggins@email.com,Raf.Huggins@gmail.com,Santos,1,535.36
446,Zsa Zsa,Monaco,26,Zsa Zsa.Monaco@email.com,Zsa Zsa.Monaco@gmail.com,Penedo,3,288.45
447,Xylina,Bluh,44,Xylina.Bluh@email.com,Xylina.Bluh@gmail.com,Rio de Janeiro,2,320.9
448,Fawne,Gherardo,65,Fawne.Gherardo@email.com,Fawne.Gherardo@gmail.com,Penedo,3,453.62
449,Lindie,Masao,52,Lindie.Masao@email.com,Lindie.Masao@gmail.com,Santos,1,404.03
450,Blondelle,Whittaker,41,Blondelle.Whittaker@email.com,Blondelle.Whittaker@gmail.com,São Paulo,2,672.2
451,Jaime,Marsden,53,Jaime.Marsden@email.com,Jaime.Marsden@gmail.com,Vitória,5,432.46
452,Allyce,Sperling,41,Allyce.Sperling@email.com,Allyce.Sperling@gmail.com,Vitória,1,801.35
453,Rani,Zamora,57,Rani.Zamora@email.com,Rani.Zamora@gmail.com,Santos,3,927.3
454,Diena,Wenoa,33,Diena.Wenoa@email.com,Diena.Wenoa@gmail.com,"Trindade ",5,181.58
455,Claudina,Lubin,47,Claudina.Lubin@email.com,Claudina.Lubin@gmail.com,Rio de Janeiro,3,11.84
456,Verla,Millda,44,Verla.Millda@email.com,Verla.Millda@gmail.com,Vitória,3,824.49
457,Jemie,Harl,32,Jemie.Harl@email.com,Jemie.Harl@gmail.com,Angra dos Reis,3,559.19
458,Jolyn,Ramona,62,Jolyn.Ramona@email.com,Jolyn.Ramona@gmail.com,"Trindade ",5,348.05
459,Jan,Kiyoshi,33,Jan.Kiyoshi@email.com,Jan.Kiyoshi@gmail.com,Vitória,5,617.14
460,Winny,Sherfield,26,Winny.Sherfield@email.com,Winny.Sherfield@gmail.com,Guaratinguetá,3,493.65
461,Emylee,Terencio,47,Emylee.Terencio@email.com,Emylee.Terencio@gmail.com,Angra dos Reis,1,804.53
462,Tersina,Laverne,57,Tersina.Laverne@email.com,Tersina.Laverne@gmail.com,Santos,2,446.94
463,Sashenka,Daveta,23,Sashenka.Daveta@email.com,Sashenka.Daveta@gmail.com,Vitória,1,833.31
464,Mureil,Kendrick,42,Mureil.Kendrick@email.com,Mureil.Kendrick@gmail.com,Santos,3,35.58
465,Carolina,Brieta,23,Carolina.Brieta@email.com,Carolina.Brieta@gmail.com,Angra dos Reis,5,375.84
466,Merle,Adalbert,40,Merle.Adalbert@email.com,Merle.Adalbert@gmail.com,Angra dos Reis,5,839.72
467,Sharlene,Pearse,22,Sharlene.Pearse@email.com,Sharlene.Pearse@gmail.com,Rio de Janeiro,3,912.47
468,Gerrie,Penelopa,22,Gerrie.Penelopa@email.com,Gerrie.Penelopa@gmail.com,Guaratinguetá,2,320.26
469,Ernesta,Christal,36,Ernesta.Christal@email.com,Ernesta.Christal@gmail.com,Guaratinguetá,5,829.84
470,Aurelie,Stav,58,Aurelie.Stav@email.com,Aurelie.Stav@gmail.com,Rio de Janeiro,5,521.64
471,Quintina,Hurley,50,Quintina.Hurley@email.com,Quintina.Hurley@gmail.com,Rio de Janeiro,1,574.91
472,Max,Laurianne,52,Max.Laurianne@email.com,Max.Laurianne@gmail.com,Penedo,5,504.14
473,Mariele,Bennie,41,Mariele.Bennie@email.com,Mariele.Bennie@gmail.com,Santos,4,596.44
474,Kore,Weitman,26,Kore.Weitman@email.com,Kore.Weitman@gmail.com,São Paulo,4,358.23
475,Keelia,Briney,46,Keelia.Briney@email.com,Keelia.Briney@gmail.com,Vitória,1,535.72
476,Dorothy,Ietta,29,Dorothy.Ietta@email.com,Dorothy.Ietta@gmail.com,"Trindade ",2,194.68
477,Sam,Loeb,52,Sam.Loeb@email.com,Sam.Loeb@gmail.com,Rio de Janeiro,2,644.61
478,Estell,Dermott,47,Estell.Dermott@email.com,Estell.Dermott@gmail.com,Penedo,5,69.98
479,Berta,Hieronymus,37,Berta.Hieronymus@email.com,Berta.Hieronymus@gmail.com,Santos,1,226.61
480,Adele,Albertine,45,Adele.Albertine@email.com,Adele.Albertine@gmail.com,Santos,2,659.25
481,Sashenka,Lesley,68,Sashenka.Lesley@email.com,Sashenka.Lesley@gmail.com,São Paulo,2,963.64
482,Margarette,Sperling,36,Margarette.Sperling@email.com,Margarette.Sperling@gmail.com,Vitória,2,354.63
483,Almeta,Lanita,44,Almeta.Lanita@email.com,Almeta.Lanita@gmail.com,São Paulo,4,564.81
484,Dorice,Angelis,34,Dorice.Angelis@email.com,Dorice.Angelis@gmail.com,Guaratinguetá,2,541.06
485,Kirstin,Remmer,52,Kirstin.Remmer@email.com,Kirstin.Remmer@gmail.com,São Paulo,2,484.04
486,Rivalee,Ochs,44,Rivalee.Ochs@email.com,Rivalee.Ochs@gmail.com,Penedo,3,361.62
487,Celene,Oster,21,Celene.Oster@email.com,Celene.Oster@gmail.com,Penedo,4,215.62
488,Lauryn,Lutero,25,Lauryn.Lutero@email.com,Lauryn.Lutero@gmail.com,"Trindade ",5,624.44
489,Arabel,Zola,58,Arabel.Zola@email.com,Arabel.Zola@gmail.com,Rio de Janeiro,4,595.34
490,Gaylene,Sallyann,59,Gaylene.Sallyann@email.com,Gaylene.Sallyann@gmail.com,Guaratinguetá,1,668.61
491,Drucie,Shanley,63,Drucie.Shanley@email.com,Drucie.Shanley@gmail.com,Penedo,3,804.93
492,Selma,Waldron,44,Selma.Waldron@email.com,Selma.Waldron@gmail.com,Angra dos Reis,3,436.17
493,Chrystel,Cookie,47,Chrystel.Cookie@email.com,Chrystel.Cookie@gmail.com,São Paulo,5,133.37
494,Anallese,Fiester,22,Anallese.Fiester@email.com,Anallese.Fiester@gmail.com,São Paulo,5,140.89
495,Reeba,Astra,50,Reeba.Astra@email.com,Reeba.Astra@gmail.com,Guaratinguetá,3,733.71
496,Talya,Ax,34,Talya.Ax@email.com,Talya.Ax@gmail.com,Santos,3,803.29
497,Mamie,Kellby,56,Mamie.Kellby@email.com,Mamie.Kellby@gmail.com,São Paulo,1,492.44
498,Jobi,Bartlett,65,Jobi.Bartlett@email.com,Jobi.Bartlett@gmail.com,Rio de Janeiro,1,572.59
499,Vere,Neva,24,Vere.Neva@email.com,Vere.Neva@gmail.com,Vitória,1,776.4
500,Robbi,Kylander,25,Robbi.Kylander@email.com,Robbi.Kylander@gmail.com,Penedo,1,195.01
501,Letizia,Waldron,42,Letizia.Waldron@email.com,Letizia.Waldron@gmail.com,Penedo,4,603
502,Sharai,Anastatius,27,Sharai.Anastatius@email.com,Sharai.Anastatius@gmail.com,Guaratinguetá,1,706.58
503,Frieda,Emanuel,25,Frieda.Emanuel@email.com,Frieda.Emanuel@gmail.com,Vitória,5,6.96
504,Meriel,Sherrie,64,Meriel.Sherrie@email.com,Meriel.Sherrie@gmail.com,Angra dos Reis,1,673.42
505,Henriette,Lilybelle,26,Henriette.Lilybelle@email.com,Henriette.Lilybelle@gmail.com,Penedo,4,348
506,Juliane,Garbe,69,Juliane.Garbe@email.com,Juliane.Garbe@gmail.com,Penedo,1,995.75
507,Layla,Wareing,41,Layla.Wareing@email.com,Layla.Wareing@gmail.com,Penedo,3,315.92
508,Emelina,Melan,63,Emelina.Melan@email.com,Emelina.Melan@gmail.com,Vitória,3,517.15
509,Moyna,Ball,66,Moyna.Ball@email.com,Moyna.Ball@gmail.com,Penedo,3,250.98
510,Donnie,Melan,63,Donnie.Melan@email.com,Donnie.Melan@gmail.com,Guaratinguetá,2,378.64
511,Vanessa,Richers,67,Vanessa.Richers@email.com,Vanessa.Richers@gmail.com,"Trindade ",3,459.4
512,Steffane,Joli,27,Steffane.Joli@email.com,Steffane.Joli@gmail.com,São Paulo,3,343.7
513,Sandie,Karl,21,Sandie.Karl@email.com,Sandie.Karl@gmail.com,Angra dos Reis,1,365.86
514,Lauryn,Stover,25,Lauryn.Stover@email.com,Lauryn.Stover@gmail.com,"Trindade ",5,660.77
515,Lisette,Guthrie,47,Lisette.Guthrie@email.com,Lisette.Guthrie@gmail.com,"Trindade ",5,795.44
516,Chastity,Laurianne,43,Chastity.Laurianne@email.com,Chastity.Laurianne@gmail.com,Guaratinguetá,4,998.03
517,Lucille,Taima,21,Lucille.Taima@email.com,Lucille.Taima@gmail.com,"Trindade ",4,373.29
518,Netty,Jarib,45,Netty.Jarib@email.com,Netty.Jarib@gmail.com,Vitória,5,571.69
519,Lynde,Terencio,62,Lynde.Terencio@email.com,Lynde.Terencio@gmail.com,Angra dos Reis,4,553.98
520,Melanie,Johnsson,42,Melanie.Johnsson@email.com,Melanie.Johnsson@gmail.com,Angra dos Reis,4,547.76
521,Ekaterina,Shama,46,Ekaterina.Shama@email.com,Ekaterina.Shama@gmail.com,Angra dos Reis,4,200.59
522,Lila,Noelyn,23,Lila.Noelyn@email.com,Lila.Noelyn@gmail.com,Angra dos Reis,2,495.74
523,Ingrid,Georas,20,Ingrid.Georas@email.com,Ingrid.Georas@gmail.com,Angra dos Reis,1,340.7
524,Rozele,Flyn,53,Rozele.Flyn@email.com,Rozele.Flyn@gmail.com,"Trindade ",2,707.46
525,Leia,Fleeta,21,Leia.Fleeta@email.com,Leia.Fleeta@gmail.com,Vitória,5,414.98
526,Hope,Alice,45,Hope.Alice@email.com,Hope.Alice@gmail.com,Rio de Janeiro,5,448.65
527,Karlee,Moina,62,Karlee.Moina@email.com,Karlee.Moina@gmail.com,Rio de Janeiro,5,665.25
528,Betta,Even,65,Betta.Even@email.com,Betta.Even@gmail.com,Santos,4,445.31
529,Stevana,Georas,47,Stevana.Georas@email.com,Stevana.Georas@gmail.com,Rio de Janeiro,5,328.64
530,Margarette,Land,48,Margarette.Land@email.com,Margarette.Land@gmail.com,Angra dos Reis,4,624.2
531,Sarette,Shama,43,Sarette.Shama@email.com,Sarette.Shama@gmail.com,"Trindade ",2,99.14
532,Willetta,LaRue,29,Willetta.LaRue@email.com,Willetta.LaRue@gmail.com,Vitória,2,651.39
533,Dode,Wadell,52,Dode.Wadell@email.com,Dode.Wadell@gmail.com,Vitória,5,388.8
534,Emilia,Reneta,38,Emilia.Reneta@email.com,Emilia.Reneta@gmail.com,São Paulo,5,249.7
535,Blondelle,Alexandr,59,Blondelle.Alexandr@email.com,Blondelle.Alexandr@gmail.com,Guaratinguetá,1,836.26
536,Raf,Elo,26,Raf.Elo@email.com,Raf.Elo@gmail.com,Guaratinguetá,2,700.13
537,Tori,Marlie,22,Tori.Marlie@email.com,Tori.Marlie@gmail.com,Rio de Janeiro,1,290.24
538,Chickie,Corrine,51,Chickie.Corrine@email.com,Chickie.Corrine@gmail.com,Angra dos Reis,3,815.22
539,Minne,Lorenz,67,Minne.Lorenz@email.com,Minne.Lorenz@gmail.com,Penedo,5,59.95
540,Rosaline,Gualtiero,60,Rosaline.Gualtiero@email.com,Rosaline.Gualtiero@gmail.com,"Trindade ",2,461.09
541,Ericka,Joachim,44,Ericka.Joachim@email.com,Ericka.Joachim@gmail.com,Penedo,2,538.36
542,Bettine,Cleavland,62,Bettine.Cleavland@email.com,Bettine.Cleavland@gmail.com,São Paulo,4,848.41
543,Cordi,Ball,33,Cordi.Ball@email.com,Cordi.Ball@gmail.com,"Trindade ",2,408.03
544,Henriette,Audly,65,Henriette.Audly@email.com,Henriette.Audly@gmail.com,Angra dos Reis,5,141.05
545,Sean,Cornelia,28,Sean.Cornelia@email.com,Sean.Cornelia@gmail.com,"Trindade ",4,969.39
546,Jan,Hanleigh,55,Jan.Hanleigh@email.com,Jan.Hanleigh@gmail.com,São Paulo,2,265.16
547,Ofilia,Taima,49,Ofilia.Taima@email.com,Ofilia.Taima@gmail.com,Angra dos Reis,2,315.67
548,Ricky,Odysseus,50,Ricky.Odysseus@email.com,Ricky.Odysseus@gmail.com,Santos,3,714.41
549,Dorice,Richers,27,Dorice.Richers@email.com,Dorice.Richers@gmail.com,Angra dos Reis,5,750.2
550,Ronna,Hoban,36,Ronna.Hoban@email.com,Ronna.Hoban@gmail.com,Vitória,4,804.2
551,Alie,Atcliffe,23,Alie.Atcliffe@email.com,Alie.Atcliffe@gmail.com,Guaratinguetá,1,86.92
552,Florencia,Sabella,57,Florencia.Sabella@email.com,Florencia.Sabella@gmail.com,"Trindade ",1,916.67
553,Sindee,Publia,42,Sindee.Publia@email.com,Sindee.Publia@gmail.com,Vitória,5,920.3
554,Albertina,Eldrid,36,Albertina.Eldrid@email.com,Albertina.Eldrid@gmail.com,Angra dos Reis,2,446.16
555,Edyth,Gino,28,Edyth.Gino@email.com,Edyth.Gino@gmail.com,Santos,3,774.47
556,Katleen,Marlie,45,Katleen.Marlie@email.com,Katleen.Marlie@gmail.com,Santos,1,858.38
557,Catharine,Nerita,44,Catharine.Nerita@email.com,Catharine.Nerita@gmail.com,Penedo,3,311.95
558,Yvonne,Earlie,34,Yvonne.Earlie@email.com,Yvonne.Earlie@gmail.com,Guaratinguetá,4,702.96
559,Neila,Abernon,58,Neila.Abernon@email.com,Neila.Abernon@gmail.com,Rio de Janeiro,4,513.31
560,Kamilah,Brodench,39,Kamilah.Brodench@email.com,Kamilah.Brodench@gmail.com,São Paulo,1,476.16
561,Lynde,Eckblad,62,Lynde.Eckblad@email.com,Lynde.Eckblad@gmail.com,Penedo,2,282.98
562,Gilligan,Chem,59,Gilligan.Chem@email.com,Gilligan.Chem@gmail.com,Angra dos Reis,4,890.56
563,Mellicent,Toni,34,Mellicent.Toni@email.com,Mellicent.Toni@gmail.com,Guaratinguetá,5,717.56
564,Adriana,Pauly,34,Adriana.Pauly@email.com,Adriana.Pauly@gmail.com,Rio de Janeiro,2,519.03
565,Olivette,Ellord,37,Olivette.Ellord@email.com,Olivette.Ellord@gmail.com,Santos,5,703.61
566,Jaime,Kussell,41,Jaime.Kussell@email.com,Jaime.Kussell@gmail.com,Penedo,5,594.78
567,Natka,Daniele,41,Natka.Daniele@email.com,Natka.Daniele@gmail.com,Rio de Janeiro,1,392.71
568,Kirstin,Marijo,31,Kirstin.Marijo@email.com,Kirstin.Marijo@gmail.com,"Trindade ",4,736.31
569,Asia,Shanley,24,Asia.Shanley@email.com,Asia.Shanley@gmail.com,Angra dos Reis,3,596.86
570,Meghann,Smitt,40,Meghann.Smitt@email.com,Meghann.Smitt@gmail.com,Guaratinguetá,3,546.33
571,Valeda,Blisse,52,Valeda.Blisse@email.com,Valeda.Blisse@gmail.com,Vitória,2,965.46
572,Correy,Baptlsta,26,Correy.Baptlsta@email.com,Correy.Baptlsta@gmail.com,Penedo,3,863.53
573,Jennica,Fancie,54,Jennica.Fancie@email.com,Jennica.Fancie@gmail.com,Vitória,2,15.8
574,Juliane,Karylin,59,Juliane.Karylin@email.com,Juliane.Karylin@gmail.com,Penedo,1,860.23
575,Jenda,Hashim,30,Jenda.Hashim@email.com,Jenda.Hashim@gmail.com,Santos,2,213.15
576,Lorie,Henrie,63,Lorie.Henrie@email.com,Lorie.Henrie@gmail.com,São Paulo,5,749.39
577,Tybie,Toni,47,Tybie.Toni@email.com,Tybie.Toni@gmail.com,Penedo,1,936.08
578,Shaylyn,Laverne,62,Shaylyn.Laverne@email.com,Shaylyn.Laverne@gmail.com,"Trindade ",3,319.48
579,Cherilyn,Si,61,Cherilyn.Si@email.com,Cherilyn.Si@gmail.com,Rio de Janeiro,2,799.03
580,Mahalia,Drisko,54,Mahalia.Drisko@email.com,Mahalia.Drisko@gmail.com,Vitória,1,666.17
581,Tina,Verger,20,Tina.Verger@email.com,Tina.Verger@gmail.com,Guaratinguetá,5,131.31
582,Cassandra,Karl,68,Cassandra.Karl@email.com,Cassandra.Karl@gmail.com,Santos,5,380.63
583,Lanae,Cassius,20,Lanae.Cassius@email.com,Lanae.Cassius@gmail.com,Vitória,2,183.57
584,Lynde,Tamsky,35,Lynde.Tamsky@email.com,Lynde.Tamsky@gmail.com,Santos,1,337.3
585,Karly,Gunn,60,Karly.Gunn@email.com,Karly.Gunn@gmail.com,Penedo,1,69.62
586,Phylis,Meter,57,Phylis.Meter@email.com,Phylis.Meter@gmail.com,São Paulo,2,627.16
587,Rozele,Talia,20,Rozele.Talia@email.com,Rozele.Talia@gmail.com,Penedo,3,698.02
588,Constance,Arathorn,48,Constance.Arathorn@email.com,Constance.Arathorn@gmail.com,Guaratinguetá,5,635.24
589,Corina,Middleton,30,Corina.Middleton@email.com,Corina.Middleton@gmail.com,Vitória,3,940.62
590,Silvana,Lorenz,48,Silvana.Lorenz@email.com,Silvana.Lorenz@gmail.com,São Paulo,4,254.75
591,Ricky,Colyer,61,Ricky.Colyer@email.com,Ricky.Colyer@gmail.com,São Paulo,2,637.74
592,Sara-Ann,Sinegold,47,Sara-Ann.Sinegold@email.com,Sara-Ann.Sinegold@gmail.com,Guaratinguetá,5,212.38
593,Aurore,Oneida,55,Aurore.Oneida@email.com,Aurore.Oneida@gmail.com,Angra dos Reis,5,327.07
594,Georgina,Marlie,68,Georgina.Marlie@email.com,Georgina.Marlie@gmail.com,Santos,5,509.96
595,Suzette,Erlandson,63,Suzette.Erlandson@email.com,Suzette.Erlandson@gmail.com,Angra dos Reis,5,683.14
596,Debee,Joeann,21,Debee.Joeann@email.com,Debee.Joeann@gmail.com,Angra dos Reis,2,721.94
597,Cindelyn,Yuille,22,Cindelyn.Yuille@email.com,Cindelyn.Yuille@gmail.com,"Trindade ",5,436.25
598,Cassandra,Terencio,24,Cassandra.Terencio@email.com,Cassandra.Terencio@gmail.com,Vitória,5,631.82
599,Marcelline,Lunsford,50,Marcelline.Lunsford@email.com,Marcelline.Lunsford@gmail.com,Angra dos Reis,4,77.17
600,Rebeca,Yuille,37,Rebeca.Yuille@email.com,Rebeca.Yuille@gmail.com,São Paulo,4,731.83
601,Gertrud,Alabaster,60,Gertrud.Alabaster@email.com,Gertrud.Alabaster@gmail.com,Penedo,5,291.62
602,Fina,Nelsen,69,Fina.Nelsen@email.com,Fina.Nelsen@gmail.com,Rio de Janeiro,1,96.67
603,Jemie,Eckblad,38,Jemie.Eckblad@email.com,Jemie.Eckblad@gmail.com,Rio de Janeiro,4,145.41
604,Clo,Garek,52,Clo.Garek@email.com,Clo.Garek@gmail.com,Santos,2,252.75
605,Jemie,Norrie,49,Jemie.Norrie@email.com,Jemie.Norrie@gmail.com,"Trindade ",5,168.08
606,Kamilah,Vins,69,Kamilah.Vins@email.com,Kamilah.Vins@gmail.com,Santos,4,707.04
607,Kirbee,Rona,43,Kirbee.Rona@email.com,Kirbee.Rona@gmail.com,Penedo,5,865.55
608,Gretal,Talia,67,Gretal.Talia@email.com,Gretal.Talia@gmail.com,Rio de Janeiro,2,318.85
609,Glenda,Eno,23,Glenda.Eno@email.com,Glenda.Eno@gmail.com,Guaratinguetá,4,872.17
610,Doralynne,Nore,35,Doralynne.Nore@email.com,Doralynne.Nore@gmail.com,Guaratinguetá,3,449.76
611,Dominga,Wilkinson,25,Dominga.Wilkinson@email.com,Dominga.Wilkinson@gmail.com,"Trindade ",2,246.19
612,Gale,Ummersen,34,Gale.Ummersen@email.com,Gale.Ummersen@gmail.com,São Paulo,5,77.93
613,Edee,Kirbee,30,Edee.Kirbee@email.com,Edee.Kirbee@gmail.com,Rio de Janeiro,3,678.79
614,Jacquetta,Bohlin,61,Jacquetta.Bohlin@email.com,Jacquetta.Bohlin@gmail.com,Angra dos Reis,5,400.79
615,Flo,Toor,38,Flo.Toor@email.com,Flo.Toor@gmail.com,Penedo,4,140.9
616,Viki,Dermott,58,Viki.Dermott@email.com,Viki.Dermott@gmail.com,Angra dos Reis,5,805.9
617,Shel,Randene,40,Shel.Randene@email.com,Shel.Randene@gmail.com,Rio de Janeiro,2,633.39
618,Kassey,Velick,20,Kassey.Velick@email.com,Kassey.Velick@gmail.com,Rio de Janeiro,5,178.47
619,Sherrie,Lucienne,38,Sherrie.Lucienne@email.com,Sherrie.Lucienne@gmail.com,"Trindade ",1,422.31
620,Odessa,Vale,40,Odessa.Vale@email.com,Odessa.Vale@gmail.com,Penedo,2,67.71
621,Stevana,Randene,62,Stevana.Randene@email.com,Stevana.Randene@gmail.com,Rio de Janeiro,3,220.89
622,Concettina,Ochs,30,Concettina.Ochs@email.com,Concettina.Ochs@gmail.com,Penedo,1,41.92
623,Chrystel,Susannah,60,Chrystel.Susannah@email.com,Chrystel.Susannah@gmail.com,Penedo,3,758.18
624,Lynde,Curren,24,Lynde.Curren@email.com,Lynde.Curren@gmail.com,Angra dos Reis,4,48.12
625,Sam,Bonucci,38,Sam.Bonucci@email.com,Sam.Bonucci@gmail.com,Rio de Janeiro,2,851.48
626,Barbi,Weaks,69,Barbi.Weaks@email.com,Barbi.Weaks@gmail.com,Rio de Janeiro,3,230.58
627,Dione,Nunci,61,Dione.Nunci@email.com,Dione.Nunci@gmail.com,Angra dos Reis,3,569.19
628,Winifred,Fink,67,Winifred.Fink@email.com,Winifred.Fink@gmail.com,São Paulo,2,813.26
629,Alexine,Shirberg,30,Alexine.Shirberg@email.com,Alexine.Shirberg@gmail.com,Rio de Janeiro,5,300.24
630,Alameda,Knowling,33,Alameda.Knowling@email.com,Alameda.Knowling@gmail.com,Vitória,2,697.63
631,Liana,Secrest,69,Liana.Secrest@email.com,Liana.Secrest@gmail.com,Santos,1,62.96
632,Tina,Pulsifer,31,Tina.Pulsifer@email.com,Tina.Pulsifer@gmail.com,Guaratinguetá,1,863.65
633,Christy,Mathilde,45,Christy.Mathilde@email.com,Christy.Mathilde@gmail.com,Penedo,5,21.37
634,Chrystel,Roarke,48,Chrystel.Roarke@email.com,Chrystel.Roarke@gmail.com,"Trindade ",4,511.97
635,Calla,Pond,32,Calla.Pond@email.com,Calla.Pond@gmail.com,"Trindade ",5,615.05
636,Leanna,Stephie,50,Leanna.Stephie@email.com,Leanna.Stephie@gmail.com,Angra dos Reis,5,216.12
637,Florencia,Pascia,65,Florencia.Pascia@email.com,Florencia.Pascia@gmail.com,"Trindade ",2,31.93
638,Madelle,Marden,63,Madelle.Marden@email.com,Madelle.Marden@gmail.com,Vitória,3,95.32
639,Delilah,Selway,66,Delilah.Selway@email.com,Delilah.Selway@gmail.com,Angra dos Reis,4,937.08
640,Lulita,Keily,55,Lulita.Keily@email.com,Lulita.Keily@gmail.com,São Paulo,2,781.62
641,Micheline,Lay,59,Micheline.Lay@email.com,Micheline.Lay@gmail.com,São Paulo,2,99.44
642,Caritta,Niccolo,46,Caritta.Niccolo@email.com,Caritta.Niccolo@gmail.com,Rio de Janeiro,2,281.07
643,Suzette,Pelagias,69,Suzette.Pelagias@email.com,Suzette.Pelagias@gmail.com,Angra dos Reis,2,123.59
644,Margalo,LaRue,54,Margalo.LaRue@email.com,Margalo.LaRue@gmail.com,São Paulo,1,734.66
645,Dorene,Shanley,66,Dorene.Shanley@email.com,Dorene.Shanley@gmail.com,Rio de Janeiro,5,116.33
646,Flory,Rosemary,48,Flory.Rosemary@email.com,Flory.Rosemary@gmail.com,Guaratinguetá,5,736.54
647,Rubie,Longfellow,37,Rubie.Longfellow@email.com,Rubie.Longfellow@gmail.com,"Trindade ",1,425.96
648,Mignon,Granoff,56,Mignon.Granoff@email.com,Mignon.Granoff@gmail.com,Santos,3,550.82
649,Mariele,Juliet,66,Mariele.Juliet@email.com,Mariele.Juliet@gmail.com,São Paulo,4,825.41
650,Lauryn,Fink,34,Lauryn.Fink@email.com,Lauryn.Fink@gmail.com,Vitória,1,572.95
651,Ilse,Papageno,57,Ilse.Papageno@email.com,Ilse.Papageno@gmail.com,Penedo,4,372.34
652,Teddie,Zachary,29,Teddie.Zachary@email.com,Teddie.Zachary@gmail.com,Vitória,1,349.04
653,Kittie,Iiette,26,Kittie.Iiette@email.com,Kittie.Iiette@gmail.com,São Paulo,4,413.08
654,Pearline,Helfand,38,Pearline.Helfand@email.com,Pearline.Helfand@gmail.com,Vitória,5,353.91
655,Jasmina,Garrison,46,Jasmina.Garrison@email.com,Jasmina.Garrison@gmail.com,São Paulo,1,994.52
656,Jenda,Winthorpe,47,Jenda.Winthorpe@email.com,Jenda.Winthorpe@gmail.com,Angra dos Reis,5,336.26
657,Corene,Mayeda,42,Corene.Mayeda@email.com,Corene.Mayeda@gmail.com,Penedo,1,738.04
658,Jan,Mehalek,35,Jan.Mehalek@email.com,Jan.Mehalek@gmail.com,Angra dos Reis,5,89.95
659,Arabel,Gladstone,42,Arabel.Gladstone@email.com,Arabel.Gladstone@gmail.com,"Trindade ",4,434.17
660,Ricky,Adrienne,32,Ricky.Adrienne@email.com,Ricky.Adrienne@gmail.com,São Paulo,4,789.09
661,Alyda,Gwenore,28,Alyda.Gwenore@email.com,Alyda.Gwenore@gmail.com,Santos,4,802.33
662,Judy,Darbie,28,Judy.Darbie@email.com,Judy.Darbie@gmail.com,Guaratinguetá,5,740.42
663,Leeanne,Jillane,62,Leeanne.Jillane@email.com,Leeanne.Jillane@gmail.com,"Trindade ",4,328.37
664,Madeleine,Lamoree,55,Madeleine.Lamoree@email.com,Madeleine.Lamoree@gmail.com,Angra dos Reis,1,839.81
665,Ellette,Joachim,44,Ellette.Joachim@email.com,Ellette.Joachim@gmail.com,Guaratinguetá,4,565.23
666,Jorry,Schroth,62,Jorry.Schroth@email.com,Jorry.Schroth@gmail.com,Penedo,5,293.09
667,Krystle,Isacco,28,Krystle.Isacco@email.com,Krystle.Isacco@gmail.com,Santos,4,105.56
668,Yolane,Leonard,43,Yolane.Leonard@email.com,Yolane.Leonard@gmail.com,Santos,3,117.71
669,Melodie,Seligman,31,Melodie.Seligman@email.com,Melodie.Seligman@gmail.com,Angra dos Reis,4,504.59
670,Aubrie,Ade,56,Aubrie.Ade@email.com,Aubrie.Ade@gmail.com,Santos,3,985.33
671,Krystle,Gaal,25,Krystle.Gaal@email.com,Krystle.Gaal@gmail.com,Rio de Janeiro,5,533.75
672,Tomasina,Ariella,24,Tomasina.Ariella@email.com,Tomasina.Ariella@gmail.com,São Paulo,4,344.12
673,Valeda,Ciro,48,Valeda.Ciro@email.com,Valeda.Ciro@gmail.com,"Trindade ",2,219.04
674,Zsa Zsa,Papageno,33,Zsa Zsa.Papageno@email.com,Zsa Zsa.Papageno@gmail.com,Penedo,1,443.53
675,Starla,Garbe,54,Starla.Garbe@email.com,Starla.Garbe@gmail.com,Santos,3,956.15
676,Gusella,Sasnett,57,Gusella.Sasnett@email.com,Gusella.Sasnett@gmail.com,Vitória,3,958.83
677,Paulita,Saree,34,Paulita.Saree@email.com,Paulita.Saree@gmail.com,Vitória,3,922.68
678,Aurelie,Rozanna,54,Aurelie.Rozanna@email.com,Aurelie.Rozanna@gmail.com,"Trindade ",2,305.63
679,Janis,Truc,34,Janis.Truc@email.com,Janis.Truc@gmail.com,"Trindade ",1,409.51
680,Rhoda,Ackerley,54,Rhoda.Ackerley@email.com,Rhoda.Ackerley@gmail.com,Angra dos Reis,4,224.85
681,Tamqrah,Kendrick,61,Tamqrah.Kendrick@email.com,Tamqrah.Kendrick@gmail.com,"Trindade ",2,553.9
682,Dorthy,Noelyn,39,Dorthy.Noelyn@email.com,Dorthy.Noelyn@gmail.com,Rio de Janeiro,1,271.42
683,Jean,Keelia,55,Jean.Keelia@email.com,Jean.Keelia@gmail.com,Rio de Janeiro,1,927.35
684,Romona,Whittaker,60,Romona.Whittaker@email.com,Romona.Whittaker@gmail.com,Guaratinguetá,5,15.32
685,Clary,Burkle,52,Clary.Burkle@email.com,Clary.Burkle@gmail.com,São Paulo,3,158.08
686,Tybie,Lutero,42,Tybie.Lutero@email.com,Tybie.Lutero@gmail.com,Vitória,3,298.35
687,Barbara,Bury,20,Barbara.Bury@email.com,Barbara.Bury@gmail.com,São Paulo,2,301.09
688,Shandie,Richers,60,Shandie.Richers@email.com,Shandie.Richers@gmail.com,Rio de Janeiro,3,96.18
689,Corene,Idelia,35,Corene.Idelia@email.com,Corene.Idelia@gmail.com,"Trindade ",1,623.43
690,Jerry,Freddi,62,Jerry.Freddi@email.com,Jerry.Freddi@gmail.com,Rio de Janeiro,4,213.63
691,Carmela,Trey,35,Carmela.Trey@email.com,Carmela.Trey@gmail.com,Rio de Janeiro,3,294.25
692,Jere,Jefferey,30,Jere.Jefferey@email.com,Jere.Jefferey@gmail.com,Santos,4,40.31
693,Leeanne,Pascia,37,Leeanne.Pascia@email.com,Leeanne.Pascia@gmail.com,Angra dos Reis,3,214.48
694,Vanessa,Eliathas,51,Vanessa.Eliathas@email.com,Vanessa.Eliathas@gmail.com,Penedo,5,911.78
695,Michaelina,Valoniah,44,Michaelina.Valoniah@email.com,Michaelina.Valoniah@gmail.com,São Paulo,2,173.13
696,Sharai,Cookie,45,Sharai.Cookie@email.com,Sharai.Cookie@gmail.com,Angra dos Reis,4,313.18
697,Lynnea,Hanshaw,70,Lynnea.Hanshaw@email.com,Lynnea.Hanshaw@gmail.com,Vitória,2,482.17
698,Jemie,Alisia,70,Jemie.Alisia@email.com,Jemie.Alisia@gmail.com,Angra dos Reis,3,811.72
699,Iseabal,Rodmann,57,Iseabal.Rodmann@email.com,Iseabal.Rodmann@gmail.com,Vitória,3,427.64
700,Atlanta,Melony,49,Atlanta.Melony@email.com,Atlanta.Melony@gmail.com,"Trindade ",2,364.45
701,June,Fadiman,36,June.Fadiman@email.com,June.Fadiman@gmail.com,São Paulo,5,578.43
702,Jackie,Hillel,60,Jackie.Hillel@email.com,Jackie.Hillel@gmail.com,Santos,3,630.74
703,Concettina,Behre,67,Concettina.Behre@email.com,Concettina.Behre@gmail.com,"Trindade ",1,457.56
704,Gabi,Phyllis,44,Gabi.Phyllis@email.com,Gabi.Phyllis@gmail.com,São Paulo,1,486.97
705,Jillayne,Lemuela,68,Jillayne.Lemuela@email.com,Jillayne.Lemuela@gmail.com,Angra dos Reis,4,684.3
706,Livvyy,Michella,47,Livvyy.Michella@email.com,Livvyy.Michella@gmail.com,Guaratinguetá,3,647.13
707,Rani,Niccolo,27,Rani.Niccolo@email.com,Rani.Niccolo@gmail.com,Vitória,1,200.28
708,Konstance,Kendrick,20,Konstance.Kendrick@email.com,Konstance.Kendrick@gmail.com,Vitória,5,86.93
709,Kalina,Anis,67,Kalina.Anis@email.com,Kalina.Anis@gmail.com,Penedo,1,958.14
710,Maurene,Harriman,60,Maurene.Harriman@email.com,Maurene.Harriman@gmail.com,Penedo,3,621.71
711,Fayre,Karylin,40,Fayre.Karylin@email.com,Fayre.Karylin@gmail.com,"Trindade ",2,225.68
712,Hettie,Iphlgenia,42,Hettie.Iphlgenia@email.com,Hettie.Iphlgenia@gmail.com,São Paulo,4,704.04
713,Leia,Iphlgenia,37,Leia.Iphlgenia@email.com,Leia.Iphlgenia@gmail.com,Vitória,4,687.07
714,Tilly,Oster,48,Tilly.Oster@email.com,Tilly.Oster@gmail.com,Angra dos Reis,4,235.54
715,Emma,Lasley,20,Emma.Lasley@email.com,Emma.Lasley@gmail.com,Santos,4,978.17
716,Vonny,Camden,39,Vonny.Camden@email.com,Vonny.Camden@gmail.com,Vitória,1,692.15
717,Lolita,Lay,70,Lolita.Lay@email.com,Lolita.Lay@gmail.com,Guaratinguetá,1,650.61
718,Suzette,Natica,63,Suzette.Natica@email.com,Suzette.Natica@gmail.com,São Paulo,3,323.19
719,Rozele,Katrine,58,Rozele.Katrine@email.com,Rozele.Katrine@gmail.com,"Trindade ",4,577.32
720,Marnia,Hashim,63,Marnia.Hashim@email.com,Marnia.Hashim@gmail.com,Guaratinguetá,4,871.4
721,Annabela,Buttaro,20,Annabela.Buttaro@email.com,Annabela.Buttaro@gmail.com,Santos,5,139.54
722,Jinny,Tryck,33,Jinny.Tryck@email.com,Jinny.Tryck@gmail.com,Guaratinguetá,4,304.56
723,Roxane,Argus,24,Roxane.Argus@email.com,Roxane.Argus@gmail.com,Rio de Janeiro,3,998.37
724,Melodie,Larochelle,49,Melodie.Larochelle@email.com,Melodie.Larochelle@gmail.com,Rio de Janeiro,2,143.39
725,Maye,Kesley,66,Maye.Kesley@email.com,Maye.Kesley@gmail.com,Rio de Janeiro,3,571.02
726,Barbara,Lissi,57,Barbara.Lissi@email.com,Barbara.Lissi@gmail.com,São Paulo,4,104.56
727,Deirdre,Goode,52,Deirdre.Goode@email.com,Deirdre.Goode@gmail.com,Penedo,2,157.9
728,Brana,Stephie,30,Brana.Stephie@email.com,Brana.Stephie@gmail.com,Vitória,5,31.9
729,Gabriellia,Raul,67,Gabriellia.Raul@email.com,Gabriellia.Raul@gmail.com,Rio de Janeiro,5,740.33
730,Nariko,Sisile,66,Nariko.Sisile@email.com,Nariko.Sisile@gmail.com,Angra dos Reis,3,80.45
731,Eadie,Jary,51,Eadie.Jary@email.com,Eadie.Jary@gmail.com,Santos,2,770.56
732,Chere,Ciapas,69,Chere.Ciapas@email.com,Chere.Ciapas@gmail.com,Angra dos Reis,5,163.75
733,Janenna,Madaih,35,Janenna.Madaih@email.com,Janenna.Madaih@gmail.com,Santos,1,934.38
734,Fanny,Corilla,33,Fanny.Corilla@email.com,Fanny.Corilla@gmail.com,"Trindade ",3,285.6
735,Tressa,Blase,41,Tressa.Blase@email.com,Tressa.Blase@gmail.com,Angra dos Reis,3,523.38
736,Candy,Duwalt,24,Candy.Duwalt@email.com,Candy.Duwalt@gmail.com,Guaratinguetá,5,442.25
737,Justinn,Ellord,49,Justinn.Ellord@email.com,Justinn.Ellord@gmail.com,Vitória,5,754.11
738,Marcy,Payson,36,Marcy.Payson@email.com,Marcy.Payson@gmail.com,São Paulo,2,536.32
739,Chere,Ricarda,57,Chere.Ricarda@email.com,Chere.Ricarda@gmail.com,Santos,1,301.82
740,Grier,Bebe,48,Grier.Bebe@email.com,Grier.Bebe@gmail.com,Penedo,2,772.68
741,Caritta,Ethban,53,Caritta.Ethban@email.com,Caritta.Ethban@gmail.com,Penedo,2,824.58
742,Beth,Ranjiv,57,Beth.Ranjiv@email.com,Beth.Ranjiv@gmail.com,São Paulo,5,694.89
743,Myriam,Colp,41,Myriam.Colp@email.com,Myriam.Colp@gmail.com,São Paulo,1,689.31
744,Jasmina,Infield,25,Jasmina.Infield@email.com,Jasmina.Infield@gmail.com,Rio de Janeiro,5,89.76
745,Concettina,Berne,54,Concettina.Berne@email.com,Concettina.Berne@gmail.com,Guaratinguetá,4,655.79
746,Alyssa,Sisile,46,Alyssa.Sisile@email.com,Alyssa.Sisile@gmail.com,Angra dos Reis,2,480.66
747,Louella,Sawtelle,21,Louella.Sawtelle@email.com,Louella.Sawtelle@gmail.com,Rio de Janeiro,1,87.76
748,Alleen,Lilas,25,Alleen.Lilas@email.com,Alleen.Lilas@gmail.com,"Trindade ",2,871.24
749,Gloria,Catie,44,Gloria.Catie@email.com,Gloria.Catie@gmail.com,Santos,5,573.25
750,Laurene,Chick,50,Laurene.Chick@email.com,Laurene.Chick@gmail.com,Angra dos Reis,3,16.99
751,Ardys,Candy,30,Ardys.Candy@email.com,Ardys.Candy@gmail.com,"Trindade ",4,356.28
752,Elsie,Pip,21,Elsie.Pip@email.com,Elsie.Pip@gmail.com,Penedo,2,779.28
753,Janis,Si,56,Janis.Si@email.com,Janis.Si@gmail.com,Santos,5,940.98
754,Kenna,Parsaye,61,Kenna.Parsaye@email.com,Kenna.Parsaye@gmail.com,Penedo,3,735.07
755,Moyna,Cloris,25,Moyna.Cloris@email.com,Moyna.Cloris@gmail.com,Rio de Janeiro,1,753.48
756,Ida,Jerold,28,Ida.Jerold@email.com,Ida.Jerold@gmail.com,Santos,5,996.25
757,Molli,Gert,21,Molli.Gert@email.com,Molli.Gert@gmail.com,"Trindade ",5,977.49
758,Raina,Oriana,53,Raina.Oriana@email.com,Raina.Oriana@gmail.com,Vitória,3,415.64
759,Angela,Ophelia,63,Angela.Ophelia@email.com,Angela.Ophelia@gmail.com,"Trindade ",1,494.43
760,Elyssa,Kendrick,28,Elyssa.Kendrick@email.com,Elyssa.Kendrick@gmail.com,Vitória,1,64.71
761,Claresta,Helfand,39,Claresta.Helfand@email.com,Claresta.Helfand@gmail.com,São Paulo,3,807.26
762,Estell,Allina,26,Estell.Allina@email.com,Estell.Allina@gmail.com,Guaratinguetá,4,113.22
763,Caressa,Behre,29,Caressa.Behre@email.com,Caressa.Behre@gmail.com,Santos,4,826.32
764,Lauryn,Dermott,20,Lauryn.Dermott@email.com,Lauryn.Dermott@gmail.com,Vitória,5,40.35
765,Kenna,Odysseus,65,Kenna.Odysseus@email.com,Kenna.Odysseus@gmail.com,São Paulo,5,820.12
766,Dulcinea,Ovid,53,Dulcinea.Ovid@email.com,Dulcinea.Ovid@gmail.com,Rio de Janeiro,3,623.05
767,Christian,Cherianne,68,Christian.Cherianne@email.com,Christian.Cherianne@gmail.com,Vitória,3,626.48
768,Dorothy,Moseley,41,Dorothy.Moseley@email.com,Dorothy.Moseley@gmail.com,Rio de Janeiro,2,889.18
769,Alejandra,Even,67,Alejandra.Even@email.com,Alejandra.Even@gmail.com,Angra dos Reis,5,587.9
770,Gwyneth,Daegal,27,Gwyneth.Daegal@email.com,Gwyneth.Daegal@gmail.com,Santos,4,980.5
771,Jaclyn,Ardra,50,Jaclyn.Ardra@email.com,Jaclyn.Ardra@gmail.com,"Trindade ",3,274.42
772,Gale,Corilla,58,Gale.Corilla@email.com,Gale.Corilla@gmail.com,Santos,3,428.27
773,Sindee,Madox,36,Sindee.Madox@email.com,Sindee.Madox@gmail.com,Angra dos Reis,5,112.23
774,Lynde,Grobe,41,Lynde.Grobe@email.com,Lynde.Grobe@gmail.com,Penedo,1,962.71
775,Suzette,Zuzana,38,Suzette.Zuzana@email.com,Suzette.Zuzana@gmail.com,Penedo,5,193.58
776,Chickie,Weinreb,28,Chickie.Weinreb@email.com,Chickie.Weinreb@gmail.com,Angra dos Reis,2,215.81
777,Kelly,Old,47,Kelly.Old@email.com,Kelly.Old@gmail.com,Penedo,4,887.36
778,Brietta,Jarib,44,Brietta.Jarib@email.com,Brietta.Jarib@gmail.com,Rio de Janeiro,5,912.76
779,Joelly,Sabella,65,Joelly.Sabella@email.com,Joelly.Sabella@gmail.com,"Trindade ",4,686.1
780,Peri,Gordon,30,Peri.Gordon@email.com,Peri.Gordon@gmail.com,Rio de Janeiro,1,893.88
781,Celene,Alexandr,50,Celene.Alexandr@email.com,Celene.Alexandr@gmail.com,Vitória,2,153.15
782,Mildrid,Rolf,30,Mildrid.Rolf@email.com,Mildrid.Rolf@gmail.com,Penedo,3,404.31
783,Lonnie,Chobot,42,Lonnie.Chobot@email.com,Lonnie.Chobot@gmail.com,São Paulo,4,638.02
784,Latisha,Briney,50,Latisha.Briney@email.com,Latisha.Briney@gmail.com,Penedo,2,3.75
785,Cam,Mozelle,31,Cam.Mozelle@email.com,Cam.Mozelle@gmail.com,Vitória,1,241.31
786,Phedra,Clara,40,Phedra.Clara@email.com,Phedra.Clara@gmail.com,Santos,5,756.58
787,Asia,Ciapas,52,Asia.Ciapas@email.com,Asia.Ciapas@gmail.com,Santos,1,176.19
788,Moyna,Leler,43,Moyna.Leler@email.com,Moyna.Leler@gmail.com,Rio de Janeiro,3,6.77
789,Jordan,Moseley,36,Jordan.Moseley@email.com,Jordan.Moseley@gmail.com,Santos,4,867.77
790,Gabriellia,Nester,56,Gabriellia.Nester@email.com,Gabriellia.Nester@gmail.com,Angra dos Reis,2,277.36
791,Madelle,Remmer,42,Madelle.Remmer@email.com,Madelle.Remmer@gmail.com,Guaratinguetá,3,912.91
792,Adriana,Stilwell,24,Adriana.Stilwell@email.com,Adriana.Stilwell@gmail.com,Santos,2,153.56
793,Nariko,Sheedy,34,Nariko.Sheedy@email.com,Nariko.Sheedy@gmail.com,"Trindade ",5,881.57
794,Sidoney,Arne,60,Sidoney.Arne@email.com,Sidoney.Arne@gmail.com,Santos,1,318.14
795,Mignon,Shama,43,Mignon.Shama@email.com,Mignon.Shama@gmail.com,Penedo,1,909.43
796,Margarette,Dannye,59,Margarette.Dannye@email.com,Margarette.Dannye@gmail.com,Vitória,2,693.78
797,Cindelyn,Charmine,65,Cindelyn.Charmine@email.com,Cindelyn.Charmine@gmail.com,São Paulo,5,33.2
798,Nanete,Arvo,25,Nanete.Arvo@email.com,Nanete.Arvo@gmail.com,Rio de Janeiro,3,91.84
799,Latisha,Kiersten,47,Latisha.Kiersten@email.com,Latisha.Kiersten@gmail.com,Vitória,5,50.21
800,Regina,Sabella,60,Regina.Sabella@email.com,Regina.Sabella@gmail.com,Penedo,5,990.69
801,Audrie,Vastah,44,Audrie.Vastah@email.com,Audrie.Vastah@gmail.com,Santos,2,274.42
802,Katleen,Wilona,22,Katleen.Wilona@email.com,Katleen.Wilona@gmail.com,Rio de Janeiro,2,389.39
803,Ardenia,Bollay,70,Ardenia.Bollay@email.com,Ardenia.Bollay@gmail.com,Penedo,3,313.44
804,Gui,Chem,20,Gui.Chem@email.com,Gui.Chem@gmail.com,Penedo,4,760.83
805,Priscilla,Sherfield,59,Priscilla.Sherfield@email.com,Priscilla.Sherfield@gmail.com,São Paulo,2,96.51
806,Mara,Dannye,67,Mara.Dannye@email.com,Mara.Dannye@gmail.com,Penedo,2,289.09
807,Kimberley,Ranjiv,55,Kimberley.Ranjiv@email.com,Kimberley.Ranjiv@gmail.com,"Trindade ",4,200.02
808,Darlleen,Sheedy,60,Darlleen.Sheedy@email.com,Darlleen.Sheedy@gmail.com,Rio de Janeiro,2,362.11
809,Lilith,Stilwell,36,Lilith.Stilwell@email.com,Lilith.Stilwell@gmail.com,Angra dos Reis,3,200.75
810,Maridel,Alexandr,61,Maridel.Alexandr@email.com,Maridel.Alexandr@gmail.com,"Trindade ",3,954.05
811,Riannon,Hilbert,55,Riannon.Hilbert@email.com,Riannon.Hilbert@gmail.com,Penedo,1,194.98
812,Krystle,Edison,36,Krystle.Edison@email.com,Krystle.Edison@gmail.com,Rio de Janeiro,1,4.64
813,Roz,Allys,20,Roz.Allys@email.com,Roz.Allys@gmail.com,Santos,1,90.54
814,Henriette,Sophronia,48,Henriette.Sophronia@email.com,Henriette.Sophronia@gmail.com,Vitória,2,890.07
815,Laurene,Neva,26,Laurene.Neva@email.com,Laurene.Neva@gmail.com,Santos,3,450.74
816,Aubrie,Shelba,40,Aubrie.Shelba@email.com,Aubrie.Shelba@gmail.com,Penedo,2,732.65
817,Kimmy,Matthew,49,Kimmy.Matthew@email.com,Kimmy.Matthew@gmail.com,Rio de Janeiro,5,835.92
818,Halette,Manolo,70,Halette.Manolo@email.com,Halette.Manolo@gmail.com,Rio de Janeiro,5,66.2
819,Bibby,Schalles,55,Bibby.Schalles@email.com,Bibby.Schalles@gmail.com,São Paulo,3,696.42
820,Hannis,Granoff,43,Hannis.Granoff@email.com,Hannis.Granoff@gmail.com,São Paulo,3,816.02
821,Nerta,Tybald,30,Nerta.Tybald@email.com,Nerta.Tybald@gmail.com,Santos,3,770.66
822,Dari,Lalitta,23,Dari.Lalitta@email.com,Dari.Lalitta@gmail.com,Vitória,1,490.09
823,Nonnah,Kimmie,31,Nonnah.Kimmie@email.com,Nonnah.Kimmie@gmail.com,Rio de Janeiro,3,921
824,Veda,Morrill,48,Veda.Morrill@email.com,Veda.Morrill@gmail.com,Santos,3,491.97
825,Sheelagh,Glenden,50,Sheelagh.Glenden@email.com,Sheelagh.Glenden@gmail.com,São Paulo,4,93.69
826,Albertina,Elisha,47,Albertina.Elisha@email.com,Albertina.Elisha@gmail.com,Santos,1,695.87
827,Trudie,Maryanne,37,Trudie.Maryanne@email.com,Trudie.Maryanne@gmail.com,Santos,2,544.82
828,Chrystel,Yerkovich,24,Chrystel.Yerkovich@email.com,Chrystel.Yerkovich@gmail.com,Guaratinguetá,4,269.3
829,Peri,Gusella,42,Peri.Gusella@email.com,Peri.Gusella@gmail.com,Rio de Janeiro,2,644.6
830,Sonni,Sparhawk,25,Sonni.Sparhawk@email.com,Sonni.Sparhawk@gmail.com,Santos,5,884.98
831,Lindie,Janene,62,Lindie.Janene@email.com,Lindie.Janene@gmail.com,São Paulo,4,985.99
832,Sindee,Maiah,37,Sindee.Maiah@email.com,Sindee.Maiah@gmail.com,Guaratinguetá,3,245.8
833,Charissa,Andrel,56,Charissa.Andrel@email.com,Charissa.Andrel@gmail.com,Vitória,1,713.88
834,Nonnah,Stephie,54,Nonnah.Stephie@email.com,Nonnah.Stephie@gmail.com,São Paulo,4,116.15
835,Sashenka,Charmine,59,Sashenka.Charmine@email.com,Sashenka.Charmine@gmail.com,Angra dos Reis,2,217.17
836,Trudie,Jenness,67,Trudie.Jenness@email.com,Trudie.Jenness@gmail.com,Rio de Janeiro,5,277.92
837,Millie,Rodmann,45,Millie.Rodmann@email.com,Millie.Rodmann@gmail.com,Angra dos Reis,2,38.04
838,Maurene,Fillbert,29,Maurene.Fillbert@email.com,Maurene.Fillbert@gmail.com,Angra dos Reis,5,674.84
839,Emelina,Wiener,28,Emelina.Wiener@email.com,Emelina.Wiener@gmail.com,Santos,2,344.92
840,Concettina,Cordi,34,Concettina.Cordi@email.com,Concettina.Cordi@gmail.com,Santos,3,823.26
841,Emmey,Presber,42,Emmey.Presber@email.com,Emmey.Presber@gmail.com,Rio de Janeiro,5,86.73
842,Cecile,Viddah,68,Cecile.Viddah@email.com,Cecile.Viddah@gmail.com,São Paulo,3,519.67
843,Nananne,Helfand,68,Nananne.Helfand@email.com,Nananne.Helfand@gmail.com,Vitória,5,800.54
844,Livvyy,Ader,35,Livvyy.Ader@email.com,Livvyy.Ader@gmail.com,Rio de Janeiro,5,557.07
845,Sashenka,Hanleigh,25,Sashenka.Hanleigh@email.com,Sashenka.Hanleigh@gmail.com,Guaratinguetá,1,379.58
846,Norine,Rillings,49,Norine.Rillings@email.com,Norine.Rillings@gmail.com,São Paulo,4,847.97
847,Lelah,Sinegold,43,Lelah.Sinegold@email.com,Lelah.Sinegold@gmail.com,Angra dos Reis,1,307.69
848,Briney,Magnolia,45,Briney.Magnolia@email.com,Briney.Magnolia@gmail.com,Penedo,2,288.99
849,Janeczka,Rocray,63,Janeczka.Rocray@email.com,Janeczka.Rocray@gmail.com,Angra dos Reis,3,721.53
850,Britte,Kalinda,54,Britte.Kalinda@email.com,Britte.Kalinda@gmail.com,Penedo,3,966.39
851,Tilly,Toffic,54,Tilly.Toffic@email.com,Tilly.Toffic@gmail.com,São Paulo,2,793.09
852,Ardeen,Bivins,24,Ardeen.Bivins@email.com,Ardeen.Bivins@gmail.com,"Trindade ",5,57.32
853,Wendi,Bury,30,Wendi.Bury@email.com,Wendi.Bury@gmail.com,"Trindade ",1,745.99
854,Edee,Margarete,35,Edee.Margarete@email.com,Edee.Margarete@gmail.com,Santos,4,978.66
855,Ileana,Nance,25,Ileana.Nance@email.com,Ileana.Nance@gmail.com,Penedo,4,465.53
856,Cissiee,Zrike,31,Cissiee.Zrike@email.com,Cissiee.Zrike@gmail.com,"Trindade ",2,475.35
857,Regina,Kirbee,37,Regina.Kirbee@email.com,Regina.Kirbee@gmail.com,Angra dos Reis,5,530.55
858,Eugine,Rugen,55,Eugine.Rugen@email.com,Eugine.Rugen@gmail.com,São Paulo,3,191.83
859,Fanchon,Kamaria,25,Fanchon.Kamaria@email.com,Fanchon.Kamaria@gmail.com,Santos,3,661.9
860,Liana,Chauncey,29,Liana.Chauncey@email.com,Liana.Chauncey@gmail.com,"Trindade ",2,417.85
861,Jessy,Daegal,29,Jessy.Daegal@email.com,Jessy.Daegal@gmail.com,Vitória,2,326.98
862,Althea,Hurley,39,Althea.Hurley@email.com,Althea.Hurley@gmail.com,Vitória,4,828.23
863,Angelique,Adalbert,29,Angelique.Adalbert@email.com,Angelique.Adalbert@gmail.com,Penedo,1,768.4
864,Farrah,Dosia,28,Farrah.Dosia@email.com,Farrah.Dosia@gmail.com,Rio de Janeiro,1,1000.57
865,Dolli,Scammon,50,Dolli.Scammon@email.com,Dolli.Scammon@gmail.com,Penedo,1,90.11
866,Gui,Fosque,57,Gui.Fosque@email.com,Gui.Fosque@gmail.com,"Trindade ",4,972.25
867,Aeriela,Kinnard,59,Aeriela.Kinnard@email.com,Aeriela.Kinnard@gmail.com,Penedo,5,491.8
868,Gwyneth,Bebe,54,Gwyneth.Bebe@email.com,Gwyneth.Bebe@gmail.com,Vitória,5,14.25
869,Mamie,Reidar,55,Mamie.Reidar@email.com,Mamie.Reidar@gmail.com,Rio de Janeiro,2,651.05
870,Lanna,Wu,42,Lanna.Wu@email.com,Lanna.Wu@gmail.com,Santos,1,757.21
871,Margarette,Millda,32,Margarette.Millda@email.com,Margarette.Millda@gmail.com,São Paulo,5,419.29
872,Aeriela,Linskey,28,Aeriela.Linskey@email.com,Aeriela.Linskey@gmail.com,Guaratinguetá,4,475.86
873,Olivette,Rooney,40,Olivette.Rooney@email.com,Olivette.Rooney@gmail.com,Rio de Janeiro,2,923.93
874,Letizia,Kat,27,Letizia.Kat@email.com,Letizia.Kat@gmail.com,"Trindade ",5,584.32
875,Cassondra,Candy,23,Cassondra.Candy@email.com,Cassondra.Candy@gmail.com,"Trindade ",3,477.12
876,Sara-Ann,Taima,22,Sara-Ann.Taima@email.com,Sara-Ann.Taima@gmail.com,Angra dos Reis,3,28.34
877,Britni,Schroth,57,Britni.Schroth@email.com,Britni.Schroth@gmail.com,"Trindade ",5,671.43
878,Arlena,Morrill,28,Arlena.Morrill@email.com,Arlena.Morrill@gmail.com,Rio de Janeiro,3,163.33
879,Damaris,Allys,38,Damaris.Allys@email.com,Damaris.Allys@gmail.com,Penedo,1,883.66
880,Bertine,Merat,42,Bertine.Merat@email.com,Bertine.Merat@gmail.com,Santos,3,221.51
881,Violet,Janene,20,Violet.Janene@email.com,Violet.Janene@gmail.com,Rio de Janeiro,2,983.04
882,Karly,Colbert,26,Karly.Colbert@email.com,Karly.Colbert@gmail.com,Guaratinguetá,3,248.81
883,Belinda,Ethban,66,Belinda.Ethban@email.com,Belinda.Ethban@gmail.com,Vitória,3,604.24
884,Nerta,Tryck,36,Nerta.Tryck@email.com,Nerta.Tryck@gmail.com,Rio de Janeiro,5,333.31
885,Letizia,Blisse,38,Letizia.Blisse@email.com,Letizia.Blisse@gmail.com,Santos,1,470.71
886,Nadine,Nunci,59,Nadine.Nunci@email.com,Nadine.Nunci@gmail.com,Vitória,4,249.06
887,Anica,Jehu,63,Anica.Jehu@email.com,Anica.Jehu@gmail.com,Vitória,1,519.11
888,Deirdre,Berl,32,Deirdre.Berl@email.com,Deirdre.Berl@gmail.com,Santos,1,968.47
889,Barbara,Gale,56,Barbara.Gale@email.com,Barbara.Gale@gmail.com,Angra dos Reis,1,837.8
890,Farrah,Valerio,63,Farrah.Valerio@email.com,Farrah.Valerio@gmail.com,São Paulo,5,974.77
891,Jessy,Henrie,32,Jessy.Henrie@email.com,Jessy.Henrie@gmail.com,Rio de Janeiro,1,325.23
892,Gale,Wilkinson,69,Gale.Wilkinson@email.com,Gale.Wilkinson@gmail.com,Santos,3,604.51
893,Chickie,Sandye,62,Chickie.Sandye@email.com,Chickie.Sandye@gmail.com,Angra dos Reis,1,123.74
894,Charmaine,Burch,69,Charmaine.Burch@email.com,Charmaine.Burch@gmail.com,Rio de Janeiro,2,650.97
895,Janenna,Danby,22,Janenna.Danby@email.com,Janenna.Danby@gmail.com,Santos,4,85.95
896,Damaris,Georas,59,Damaris.Georas@email.com,Damaris.Georas@gmail.com,Santos,1,602.98
897,Kaia,Charity,47,Kaia.Charity@email.com,Kaia.Charity@gmail.com,Guaratinguetá,4,769.52
898,Dulcinea,Saunderson,44,Dulcinea.Saunderson@email.com,Dulcinea.Saunderson@gmail.com,Angra dos Reis,2,159.13
899,Neila,Fosque,45,Neila.Fosque@email.com,Neila.Fosque@gmail.com,Vitória,3,568.02
900,Kassey,Nerita,43,Kassey.Nerita@email.com,Kassey.Nerita@gmail.com,Guaratinguetá,2,765.32
901,Frances,Huggins,32,Frances.Huggins@email.com,Frances.Huggins@gmail.com,São Paulo,2,314.36
902,Belinda,Argus,32,Belinda.Argus@email.com,Belinda.Argus@gmail.com,Penedo,4,130.6
903,Farrah,Ledah,33,Farrah.Ledah@email.com,Farrah.Ledah@gmail.com,Guaratinguetá,4,111.78
904,Donetta,Weide,23,Donetta.Weide@email.com,Donetta.Weide@gmail.com,Guaratinguetá,4,526.32
905,Selma,Nicoline,31,Selma.Nicoline@email.com,Selma.Nicoline@gmail.com,"Trindade ",1,871.94
906,Halette,Thilda,65,Halette.Thilda@email.com,Halette.Thilda@gmail.com,Rio de Janeiro,3,785.86
907,Sheelagh,Baudin,33,Sheelagh.Baudin@email.com,Sheelagh.Baudin@gmail.com,"Trindade ",1,780.16
908,Charmaine,Abbot,24,Charmaine.Abbot@email.com,Charmaine.Abbot@gmail.com,São Paulo,1,602.88
909,Myriam,Carlson,36,Myriam.Carlson@email.com,Myriam.Carlson@gmail.com,Angra dos Reis,3,328.1
910,Willetta,Lytton,23,Willetta.Lytton@email.com,Willetta.Lytton@gmail.com,Guaratinguetá,3,252.75
911,Nessie,Billye,23,Nessie.Billye@email.com,Nessie.Billye@gmail.com,"Trindade ",3,80.39
912,Dulcinea,Faust,58,Dulcinea.Faust@email.com,Dulcinea.Faust@gmail.com,Vitória,1,192.37
913,Rori,Faso,26,Rori.Faso@email.com,Rori.Faso@gmail.com,Angra dos Reis,1,441.94
914,Fernande,Goddard,25,Fernande.Goddard@email.com,Fernande.Goddard@gmail.com,Penedo,1,606
915,Olwen,Fredi,37,Olwen.Fredi@email.com,Olwen.Fredi@gmail.com,Vitória,1,293.6
916,Mireielle,Stuart,54,Mireielle.Stuart@email.com,Mireielle.Stuart@gmail.com,Vitória,3,46.53
917,Shel,Bahr,68,Shel.Bahr@email.com,Shel.Bahr@gmail.com,Angra dos Reis,1,972.3
918,Sarette,Faro,36,Sarette.Faro@email.com,Sarette.Faro@gmail.com,Rio de Janeiro,3,713.62
919,Gerianna,Mendez,35,Gerianna.Mendez@email.com,Gerianna.Mendez@gmail.com,Guaratinguetá,3,144.98
920,Alexine,Tiffa,51,Alexine.Tiffa@email.com,Alexine.Tiffa@gmail.com,São Paulo,3,587.65
921,Arabel,Giff,34,Arabel.Giff@email.com,Arabel.Giff@gmail.com,"Trindade ",5,953.59
922,Daune,Paine,65,Daune.Paine@email.com,Daune.Paine@gmail.com,Rio de Janeiro,4,987.14
923,Blake,Ashok,66,Blake.Ashok@email.com,Blake.Ashok@gmail.com,Penedo,3,44.1
924,Alyssa,Alva,30,Alyssa.Alva@email.com,Alyssa.Alva@gmail.com,São Paulo,4,825.6
925,Kassey,Concha,23,Kassey.Concha@email.com,Kassey.Concha@gmail.com,Santos,5,419.25
926,Lila,Roxanna,56,Lila.Roxanna@email.com,Lila.Roxanna@gmail.com,Rio de Janeiro,4,393.93
927,Maridel,Shields,62,Maridel.Shields@email.com,Maridel.Shields@gmail.com,Penedo,2,323.63
928,Malina,Corilla,63,Malina.Corilla@email.com,Malina.Corilla@gmail.com,Angra dos Reis,2,619.42
929,Joeann,Melony,28,Joeann.Melony@email.com,Joeann.Melony@gmail.com,São Paulo,3,211.47
930,Suzette,Adalbert,48,Suzette.Adalbert@email.com,Suzette.Adalbert@gmail.com,São Paulo,1,334.31
931,Dorthy,Sabella,69,Dorthy.Sabella@email.com,Dorthy.Sabella@gmail.com,Guaratinguetá,3,458.04
932,Lynea,Wenda,25,Lynea.Wenda@email.com,Lynea.Wenda@gmail.com,São Paulo,2,164.28
933,Miquela,Beniamino,50,Miquela.Beniamino@email.com,Miquela.Beniamino@gmail.com,"Trindade ",5,635.37
934,Taffy,Colbert,64,Taffy.Colbert@email.com,Taffy.Colbert@gmail.com,Guaratinguetá,2,438.12
935,Dorothy,Hanshaw,27,Dorothy.Hanshaw@email.com,Dorothy.Hanshaw@gmail.com,Santos,3,655.49
936,Kimmy,Allys,23,Kimmy.Allys@email.com,Kimmy.Allys@gmail.com,Angra dos Reis,1,974.57
937,Kayla,Nahum,23,Kayla.Nahum@email.com,Kayla.Nahum@gmail.com,Rio de Janeiro,2,898.56
938,Rani,Hachmin,63,Rani.Hachmin@email.com,Rani.Hachmin@gmail.com,Santos,5,657.92
939,Gui,Gladstone,53,Gui.Gladstone@email.com,Gui.Gladstone@gmail.com,"Trindade ",2,844.27
940,Teddie,Jena,28,Teddie.Jena@email.com,Teddie.Jena@gmail.com,São Paulo,2,823.18
941,Adele,Fredi,29,Adele.Fredi@email.com,Adele.Fredi@gmail.com,Penedo,1,824.09
942,Misha,Bow,63,Misha.Bow@email.com,Misha.Bow@gmail.com,Vitória,4,410.4
943,Margalo,Lytton,51,Margalo.Lytton@email.com,Margalo.Lytton@gmail.com,Vitória,3,154.08
944,Adore,Karna,56,Adore.Karna@email.com,Adore.Karna@gmail.com,"Trindade ",5,47.62
945,Anthia,Bashemeth,68,Anthia.Bashemeth@email.com,Anthia.Bashemeth@gmail.com,Angra dos Reis,1,100.44
946,Paule,Brunell,50,Paule.Brunell@email.com,Paule.Brunell@gmail.com,Vitória,2,86.86
947,Ileana,Aprile,33,Ileana.Aprile@email.com,Ileana.Aprile@gmail.com,Angra dos Reis,4,238.54
948,Antonietta,Zrike,40,Antonietta.Zrike@email.com,Antonietta.Zrike@gmail.com,Penedo,3,166.85
949,Zondra,Sheedy,23,Zondra.Sheedy@email.com,Zondra.Sheedy@gmail.com,Rio de Janeiro,2,452.9
950,Claudina,Voletta,57,Claudina.Voletta@email.com,Claudina.Voletta@gmail.com,Vitória,2,128.44
951,Gavrielle,Scammon,54,Gavrielle.Scammon@email.com,Gavrielle.Scammon@gmail.com,São Paulo,5,411.5
952,Beth,Iphlgenia,54,Beth.Iphlgenia@email.com,Beth.Iphlgenia@gmail.com,Vitória,5,215.19
953,Mireielle,Fabiola,44,Mireielle.Fabiola@email.com,Mireielle.Fabiola@gmail.com,São Paulo,4,831.48
954,Kenna,Bibi,25,Kenna.Bibi@email.com,Kenna.Bibi@gmail.com,Penedo,5,742.32
955,Britte,Zamora,68,Britte.Zamora@email.com,Britte.Zamora@gmail.com,Vitória,3,484.98
956,Tonia,Zrike,35,Tonia.Zrike@email.com,Tonia.Zrike@gmail.com,Vitória,1,568.41
957,Diena,Alabaster,56,Diena.Alabaster@email.com,Diena.Alabaster@gmail.com,Vitória,3,488.46
958,Dotty,Leary,58,Dotty.Leary@email.com,Dotty.Leary@gmail.com,Penedo,1,700.96
959,Rani,Ietta,42,Rani.Ietta@email.com,Rani.Ietta@gmail.com,"Trindade ",1,628.97
960,Daryl,Sherfield,28,Daryl.Sherfield@email.com,Daryl.Sherfield@gmail.com,Vitória,4,291.57
961,Goldie,Braun,33,Goldie.Braun@email.com,Goldie.Braun@gmail.com,Rio de Janeiro,4,666.37
962,Meriel,Lory,42,Meriel.Lory@email.com,Meriel.Lory@gmail.com,Angra dos Reis,5,463.16
963,Chrystel,Minetta,42,Chrystel.Minetta@email.com,Chrystel.Minetta@gmail.com,São Paulo,5,436.37
964,Stevana,Hoban,35,Stevana.Hoban@email.com,Stevana.Hoban@gmail.com,Penedo,1,56.87
965,Annecorinne,Romelda,51,Annecorinne.Romelda@email.com,Annecorinne.Romelda@gmail.com,São Paulo,5,760.59
966,Roberta,Decato,42,Roberta.Decato@email.com,Roberta.Decato@gmail.com,"Trindade ",2,401.4
967,Edith,Elephus,66,Edith.Elephus@email.com,Edith.Elephus@gmail.com,"Trindade ",3,800.19
968,Jaclyn,Riva,66,Jaclyn.Riva@email.com,Jaclyn.Riva@gmail.com,São Paulo,4,49.63
969,Linzy,Alva,38,Linzy.Alva@email.com,Linzy.Alva@gmail.com,Vitória,2,952.89
970,Genevra,Bakerman,64,Genevra.Bakerman@email.com,Genevra.Bakerman@gmail.com,Guaratinguetá,5,823.94
971,Alejandra,Halla,21,Alejandra.Halla@email.com,Alejandra.Halla@gmail.com,Angra dos Reis,2,289.45
972,Suzette,Krystle,21,Suzette.Krystle@email.com,Suzette.Krystle@gmail.com,"Trindade ",1,688.72
973,Hope,Susannah,66,Hope.Susannah@email.com,Hope.Susannah@gmail.com,"Trindade ",5,578.63
974,Roxane,Read,37,Roxane.Read@email.com,Roxane.Read@gmail.com,"Trindade ",1,219.88
975,Vonny,Reidar,28,Vonny.Reidar@email.com,Vonny.Reidar@gmail.com,Angra dos Reis,3,809.75
976,Kirbee,Monaco,37,Kirbee.Monaco@email.com,Kirbee.Monaco@gmail.com,São Paulo,1,797.48
977,Charmaine,Jethro,67,Charmaine.Jethro@email.com,Charmaine.Jethro@gmail.com,Vitória,4,971.6
978,Marnia,Goldina,70,Marnia.Goldina@email.com,Marnia.Goldina@gmail.com,Santos,5,1000.31
979,Lanna,Yusuk,33,Lanna.Yusuk@email.com,Lanna.Yusuk@gmail.com,"Trindade ",5,364.73
980,Benita,Lasley,70,Benita.Lasley@email.com,Benita.Lasley@gmail.com,Penedo,5,646.61
981,Maye,Wildermuth,64,Maye.Wildermuth@email.com,Maye.Wildermuth@gmail.com,Vitória,4,624.37
982,Juliane,Stelle,50,Juliane.Stelle@email.com,Juliane.Stelle@gmail.com,Guaratinguetá,2,66.14
983,Brynna,Lail,37,Brynna.Lail@email.com,Brynna.Lail@gmail.com,"Trindade ",4,273.07
984,Chloris,Ellerey,20,Chloris.Ellerey@email.com,Chloris.Ellerey@gmail.com,Guaratinguetá,1,99.56
985,Peri,Roscoe,26,Peri.Roscoe@email.com,Peri.Roscoe@gmail.com,"Trindade ",4,698.42
986,Leona,Weide,42,Leona.Weide@email.com,Leona.Weide@gmail.com,Penedo,1,70.09
987,Vanessa,Kannry,55,Vanessa.Kannry@email.com,Vanessa.Kannry@gmail.com,Angra dos Reis,1,695.48
988,Shauna,Podvin,66,Shauna.Podvin@email.com,Shauna.Podvin@gmail.com,Rio de Janeiro,2,312.83
989,Anestassia,Ursulette,22,Anestassia.Ursulette@email.com,Anestassia.Ursulette@gmail.com,Angra dos Reis,4,176.98
990,Elka,Duwalt,52,Elka.Duwalt@email.com,Elka.Duwalt@gmail.com,Santos,2,915.38
991,Jacenta,Durware,43,Jacenta.Durware@email.com,Jacenta.Durware@gmail.com,"Trindade ",2,958.6
992,Ebonee,Hartnett,30,Ebonee.Hartnett@email.com,Ebonee.Hartnett@gmail.com,Guaratinguetá,5,803.84
993,Maud,Ferino,59,Maud.Ferino@email.com,Maud.Ferino@gmail.com,"Trindade ",3,531.76
994,Ketti,Moina,64,Ketti.Moina@email.com,Ketti.Moina@gmail.com,Penedo,5,649.93
995,Laurene,Radu,20,Laurene.Radu@email.com,Laurene.Radu@gmail.com,São Paulo,3,469.51
996,Ebonee,Ledah,69,Ebonee.Ledah@email.com,Ebonee.Ledah@gmail.com,São Paulo,4,86.47
997,Julieta,Terrence,48,Julieta.Terrence@email.com,Julieta.Terrence@gmail.com,Vitória,4,643.29
998,Amalie,Odysseus,38,Amalie.Odysseus@email.com,Amalie.Odysseus@gmail.com,São Paulo,4,697.67
999,Corry,Oneida,63,Corry.Oneida@email.com,Corry.Oneida@gmail.com,Santos,1,863.63
1000,Orelia,Pillsbury,43,Orelia.Pillsbury@email.com,Orelia.Pillsbury@gmail.com,São Paulo,4,666.37